ID,Case Number,Date,Block,IUCR,Primary Type,Description,Location Description,Arrest,Domestic,Beat,District,Ward,Community Area,FBI Code,X Coordinate,Y Coordinate,Year,Updated On,Latitude,Longitude,Location
11646166,JC213529,09-01-2018 00:01,082XX S INGLESIDE AVE,810,THEFT,OVER $500,RESIDENCE,FALSE,TRUE,631,6,8,44,6,,,2018,04-06-2019 16:04,,,
11645836,JC212333,05-01-2016 00:25,055XX S ROCKWELL ST,1153,DECEPTIVE PRACTICE,FINANCIAL IDENTITY THEFT OVER $ 300,,FALSE,FALSE,824,8,15,63,11,,,2016,04-06-2019 16:04,,,
11449702,JB373031,07/31/2018 01:30:00 PM,009XX E HYDE PARK BLVD,2024,NARCOTICS,POSS: HEROIN(WHITE),STREET,TRUE,FALSE,233,2,5,41,18,,,2018,04-09-2019 16:24,,,
11643334,JC209972,12/19/2018 04:30:00 PM,056XX W WELLINGTON AVE,1320,CRIMINAL DAMAGE,TO VEHICLE,STREET,FALSE,FALSE,2514,25,31,19,14,,,2018,04-04-2019 16:16,,,
11645527,JC212744,02-02-2015 10:00,069XX W ARCHER AVE,1153,DECEPTIVE PRACTICE,FINANCIAL IDENTITY THEFT OVER $ 300,OTHER,FALSE,FALSE,811,8,23,56,11,,,2015,04-06-2019 16:04,,,
11034701,JA366925,01-01-2001 11:00,016XX E 86TH PL,1153,DECEPTIVE PRACTICE,FINANCIAL IDENTITY THEFT OVER $ 300,RESIDENCE,FALSE,FALSE,412,4,8,45,11,,,2001,08-05-2017 15:50,,,
10224881,HY411873,09-03-2015 18:00,044XX S UNIVERSITY AVE,1310,CRIMINAL DAMAGE,TO PROPERTY,RESIDENCE,FALSE,FALSE,222,2,4,39,14,1184667,1875669,2015,02-10-2018 15:50,41.81399924,-87.59813792,"(41.81399924, -87.598137918)"
11230640,JB152083,12-04-2017 00:00,035XX S MICHIGAN AVE,4650,OTHER OFFENSE,SEX OFFENDER: FAIL TO REGISTER,GOVERNMENT BUILDING/PROPERTY,TRUE,FALSE,213,2,3,35,26,,,2017,04-12-2018 15:55,,,
11645648,JC212959,01-01-2018 08:00,024XX N MONITOR AVE,1153,DECEPTIVE PRACTICE,FINANCIAL IDENTITY THEFT OVER $ 300,RESIDENCE,FALSE,FALSE,2515,25,30,19,11,,,2018,04-06-2019 16:04,,,
11645959,JC211511,12/20/2018 04:00:00 PM,045XX N ALBANY AVE,2820,OTHER OFFENSE,TELEPHONE THREAT,RESIDENCE,FALSE,FALSE,1724,17,33,14,08A,,,2018,04-06-2019 16:04,,,
11645557,JC212685,04-01-2018 00:01,080XX S VERNON AVE,1153,DECEPTIVE PRACTICE,FINANCIAL IDENTITY THEFT OVER $ 300,RESIDENCE,FALSE,FALSE,631,6,6,44,11,,,2018,04-06-2019 16:04,,,
10225155,HY412177,09-05-2015 22:42,007XX W IRVING PARK RD,470,PUBLIC PEACE VIOLATION,RECKLESS CONDUCT,STREET,TRUE,FALSE,1915,19,46,3,24,1170563,1926785,2015,02-10-2018 15:50,41.95458447,-87.64837578,"(41.954584472, -87.648375776)"
11223717,JB141803,02-04-2018 15:25,044XX W WASHINGTON BLVD,1153,DECEPTIVE PRACTICE,FINANCIAL IDENTITY THEFT OVER $ 300,,FALSE,FALSE,1113,11,28,26,11,,,2018,02-11-2018 15:57,,,
11160773,JA515078,11/17/2017 09:45:00 AM,033XX W FILLMORE ST,1812,NARCOTICS,POSS: CANNABIS MORE THAN 30GMS,POLICE FACILITY/VEH PARKING LOT,TRUE,FALSE,1134,11,24,29,18,,,2017,02/17/2018 03:52:55 PM,,,
11645601,JC212935,06-01-2014 00:01,087XX S SANGAMON ST,1153,DECEPTIVE PRACTICE,FINANCIAL IDENTITY THEFT OVER $ 300,RESIDENCE,FALSE,FALSE,2222,22,21,71,11,,,2014,04-06-2019 16:04,,,
10225206,HY412253,09-06-2015 01:10,047XX S STATE ST,041A,BATTERY,AGGRAVATED: HANDGUN,VACANT LOT/LAND,FALSE,FALSE,224,2,3,38,04B,1177070,1873609,2015,02-10-2018 15:50,41.80852139,-87.62606631,"(41.80852139, -87.62606631)"
11646293,JC213749,12/20/2018 03:00:00 PM,023XX N LOCKWOOD AVE,1154,DECEPTIVE PRACTICE,FINANCIAL IDENTITY THEFT $300 AND UNDER,APARTMENT,FALSE,FALSE,2515,25,36,19,11,,,2018,04-06-2019 16:04,,,
10225234,HY412306,09-06-2015 02:00,002XX N ST LOUIS AVE,420,BATTERY,AGGRAVATED:KNIFE/CUTTING INSTR,SIDEWALK,FALSE,FALSE,1123,11,28,27,04B,1153006,1901570,2015,02-10-2018 15:50,41.88575928,-87.71358804,"(41.885759278, -87.713588042)"
11645833,JC213044,05-05-2012 12:25,057XX W OHIO ST,1153,DECEPTIVE PRACTICE,FINANCIAL IDENTITY THEFT OVER $ 300,,FALSE,FALSE,1511,15,29,25,11,,,2012,04-06-2019 16:04,,,
11227287,JB147188,10-08-2017 03:00,092XX S RACINE AVE,281,CRIM SEXUAL ASSAULT,NON-AGGRAVATED,RESIDENCE,FALSE,FALSE,2222,22,21,73,2,,,2017,02-11-2018 15:57,,,
11227583,JB147595,03/28/2017 02:00:00 PM,026XX W 79TH ST,620,BURGLARY,UNLAWFUL ENTRY,OTHER,FALSE,FALSE,835,8,18,70,5,,,2017,02-11-2018 15:57,,,
11227293,JB147230,09-09-2017 20:17,060XX S EBERHART AVE,810,THEFT,OVER $500,RESIDENCE,FALSE,FALSE,313,3,20,42,6,,,2017,02-11-2018 15:57,,,
11227634,JB147599,08/26/2017 10:00:00 AM,001XX W RANDOLPH ST,281,CRIM SEXUAL ASSAULT,NON-AGGRAVATED,HOTEL/MOTEL,FALSE,FALSE,122,1,42,32,2,,,2017,02-11-2018 15:57,,,
10225308,HY412341,09-06-2015 02:35,013XX W ADDISON ST,2230,LIQUOR LAW VIOLATION,ILLEGAL CONSUMPTION BY MINOR,SIDEWALK,TRUE,FALSE,1923,19,44,6,22,1166847,1924028,2015,09/17/2015 11:37:18 AM,41.94709983,-87.66211567,"(41.947099832, -87.662115668)"
11645568,JC212803,12/18/2018 11:00:00 AM,032XX N WILTON AVE,1153,DECEPTIVE PRACTICE,FINANCIAL IDENTITY THEFT OVER $ 300,RESIDENCE,FALSE,FALSE,1924,19,44,6,11,,,2018,04-06-2019 16:04,,,
11227517,JB138481,02-10-2013 00:00,071XX S LAFAYETTE AVE,266,CRIMINAL SEXUAL ASSAULT,PREDATORY,RESIDENCE,FALSE,TRUE,731,7,6,69,2,,,2013,08/30/2020 03:45:17 PM,,,
11227503,JB146383,01-01-2015 00:01,061XX S KILBOURN AVE,1751,OFFENSE INVOLVING CHILDREN,CRIM SEX ABUSE BY FAM MEMBER,RESIDENCE,FALSE,TRUE,813,8,13,65,17,,,2015,04-12-2019 16:00,,,
10225349,HY412480,09-06-2015 00:01,071XX S CENTRAL PARK AVE,1320,CRIMINAL DAMAGE,TO VEHICLE,RESIDENCE-GARAGE,FALSE,FALSE,833,8,13,65,14,1153542,1857042,2015,02-10-2018 15:50,41.76355798,-87.71280073,"(41.763557981, -87.712800734)"
11037294,JA371270,03/18/2015 12:00:00 PM,0000X W WACKER DR,1153,DECEPTIVE PRACTICE,FINANCIAL IDENTITY THEFT OVER $ 300,BANK,FALSE,FALSE,111,1,42,32,11,,,2015,08-01-2017 15:52,,,
11227508,JB146365,01-01-2017 00:01,027XX S WHIPPLE ST,1754,OFFENSE INVOLVING CHILDREN,AGG SEX ASSLT OF CHILD FAM MBR,RESIDENCE,FALSE,FALSE,1033,10,12,30,2,,,2017,02-11-2018 15:57,,,
11022695,JA353568,07/17/2017 10:10:00 AM,021XX W MC LEAN AVE,810,THEFT,OVER $500,RESIDENCE,FALSE,FALSE,1432,14,32,22,6,,,2017,07/24/2017 03:54:23 PM,,,
10225475,HY412510,09-05-2015 20:00,059XX S KOLIN AVE,620,BURGLARY,UNLAWFUL ENTRY,RESIDENCE-GARAGE,FALSE,FALSE,813,8,13,65,5,1148387,1864813,2015,02-10-2018 15:50,41.78498338,-87.73149582,"(41.784983382, -87.731495823)"
11227633,JB147500,12/28/2017 03:55:00 PM,011XX S MICHIGAN AVE,1153,DECEPTIVE PRACTICE,FINANCIAL IDENTITY THEFT OVER $ 300,,FALSE,FALSE,123,1,2,32,11,,,2017,02-11-2018 15:57,,,
11227586,JB147613,02-10-2017 12:00,089XX S COTTAGE GROVE AVE,1310,CRIMINAL DAMAGE,TO PROPERTY,APARTMENT,FALSE,FALSE,633,6,8,44,14,,,2017,02-11-2018 15:57,,,
11227475,JB147314,11/22/2017 02:42:00 AM,056XX N CHRISTIANA AVE,2826,OTHER OFFENSE,HARASSMENT BY ELECTRONIC MEANS,APARTMENT,FALSE,TRUE,1711,17,39,13,26,,,2017,02-11-2018 15:57,,,
2053775,HH271612,03/28/2002 08:40:00 PM,004XX E 59 ST,460,BATTERY,SIMPLE,STREET,FALSE,TRUE,234,2,,,08B,,,2002,08/17/2015 03:03:40 PM,,,
11227247,JB147078,01-01-2012 09:00,105XX S INDIANAPOLIS AVE,1153,DECEPTIVE PRACTICE,FINANCIAL IDENTITY THEFT OVER $ 300,RESIDENCE,FALSE,FALSE,432,4,10,52,11,,,2012,02-11-2018 15:57,,,
11036284,JA370282,07/29/2017 03:40:00 PM,014XX W Devon Ave,820,THEFT,$500 AND UNDER,SIDEWALK,FALSE,FALSE,2432,24,40,1,6,,,2017,08-05-2017 15:50,,,
11227509,JB146413,01/22/2017 12:01:00 AM,079XX S JEFFERY BLVD,1752,OFFENSE INVOLVING CHILDREN,AGG CRIM SEX ABUSE FAM MEMBER,APARTMENT,FALSE,FALSE,414,4,8,46,20,,,2017,02-11-2018 15:57,,,
11227407,JB147329,10/14/2017 12:01:00 AM,037XX N SOUTHPORT AVE,1150,DECEPTIVE PRACTICE,CREDIT CARD FRAUD,OTHER,FALSE,FALSE,1922,19,44,6,11,,,2017,02/22/2018 03:56:47 PM,,,
11028056,JA359834,10/15/2014 03:00:00 PM,047XX S PULASKI RD,1153,DECEPTIVE PRACTICE,FINANCIAL IDENTITY THEFT OVER $ 300,PARKING LOT/GARAGE(NON.RESID.),FALSE,FALSE,821,8,14,57,11,,,2014,07/24/2017 03:54:23 PM,,,
10225582,HY412847,09-04-2015 20:50,059XX N GLENWOOD AVE,820,THEFT,$500 AND UNDER,PARK PROPERTY,FALSE,FALSE,2013,20,48,77,6,1165910,1939379,2015,02-10-2018 15:50,41.98924362,-87.66511973,"(41.989243623, -87.665119726)"
11028299,JA360073,05/30/2015 12:00:00 AM,074XX S HARVARD AVE,1753,OFFENSE INVOLVING CHILDREN,SEX ASSLT OF CHILD BY FAM MBR,RESIDENCE,FALSE,TRUE,731,7,17,69,2,,,2015,05/15/2018 03:52:47 PM,,,
11028290,JA360134,05/30/2015 12:00:00 AM,074XX S HARVARD AVE,1753,OFFENSE INVOLVING CHILDREN,SEX ASSLT OF CHILD BY FAM MBR,RESIDENCE,FALSE,TRUE,731,7,17,69,2,,,2015,05/22/2018 04:05:33 PM,,,
11028448,JA360336,01-01-2015 00:00,051XX W HURON ST,281,CRIM SEXUAL ASSAULT,NON-AGGRAVATED,APARTMENT,TRUE,TRUE,1532,15,37,25,2,,,2015,09-02-2019 15:57,,,
11041422,JA375398,07/29/2017 10:00:00 AM,022XX W WINNEMAC AVE,810,THEFT,OVER $500,RESIDENCE-GARAGE,FALSE,FALSE,2031,20,47,4,6,,,2017,08-05-2017 15:50,,,
11042125,JA376558,12/16/2011 12:00:00 AM,003XX W 64TH ST,1153,DECEPTIVE PRACTICE,FINANCIAL IDENTITY THEFT OVER $ 300,HOSPITAL BUILDING/GROUNDS,FALSE,FALSE,722,7,20,68,11,,,2011,08-05-2017 15:50,,,
11042141,JA376559,05/16/2013 12:00:00 AM,003XX W 64TH ST,1154,DECEPTIVE PRACTICE,FINANCIAL IDENTITY THEFT $300 AND UNDER,HOSPITAL BUILDING/GROUNDS,FALSE,FALSE,722,7,20,68,11,,,2013,08-05-2017 15:50,,,
11227505,JB146342,06-01-2017 00:01,115XX S ABERDEEN ST,1751,OFFENSE INVOLVING CHILDREN,CRIM SEX ABUSE BY FAM MEMBER,RESIDENCE,FALSE,TRUE,524,5,34,53,17,,,2017,09-04-2019 16:07,,,
11039126,JA371798,01-01-2007 00:01,009XX N DRAKE AVE,266,CRIM SEXUAL ASSAULT,PREDATORY,RESIDENCE,FALSE,FALSE,1121,11,27,23,2,,,2007,10/21/2017 03:44:12 PM,,,
11042582,JA377037,01-01-2011 00:01,054XX S CALIFORNIA AVE,1754,OFFENSE INVOLVING CHILDREN,AGG SEX ASSLT OF CHILD FAM MBR,APARTMENT,TRUE,TRUE,923,9,14,63,2,,,2011,08/13/2017 03:50:54 PM,,,
11042759,JA376850,07-08-2013 16:10,056XX N KENMORE AVE,1153,DECEPTIVE PRACTICE,FINANCIAL IDENTITY THEFT OVER $ 300,,FALSE,FALSE,2022,20,48,77,11,,,2013,08-05-2017 15:50,,,
11042763,JA376821,07/27/2017 01:00:00 AM,019XX W AINSLIE ST,890,THEFT,FROM BUILDING,APARTMENT,FALSE,FALSE,2032,20,47,4,6,,,2017,08-05-2017 15:50,,,
11227495,JB147292,03/20/2014 09:00:00 AM,003XX E ERIE ST,1154,DECEPTIVE PRACTICE,FINANCIAL IDENTITY THEFT $300 AND UNDER,RESIDENCE,FALSE,FALSE,1834,18,42,8,11,,,2014,02-11-2018 15:57,,,
11042867,JA374764,01-01-2015 00:01,086XX S MANISTEE AVE,266,CRIM SEXUAL ASSAULT,PREDATORY,RESIDENCE,FALSE,FALSE,423,4,7,46,2,,,2015,08-05-2017 15:50,,,
11042911,JA376915,01-01-2013 12:00,034XX N WESTERN AVE,1154,DECEPTIVE PRACTICE,FINANCIAL IDENTITY THEFT $300 AND UNDER,BANK,FALSE,FALSE,1921,19,47,5,11,,,2013,08-05-2017 15:50,,,
11042905,JA374476,01-01-2003 00:01,056XX S ARTESIAN AVE,1563,SEX OFFENSE,CRIMINAL SEXUAL ABUSE,RESIDENCE,FALSE,FALSE,824,8,15,63,17,,,2003,10/27/2018 04:00:07 PM,,,
11042930,JA374409,01-01-2010 00:01,080XX S MARSHFIELD AVE,266,CRIM SEXUAL ASSAULT,PREDATORY,RESIDENCE,FALSE,FALSE,611,6,21,71,2,,,2010,08-05-2017 15:50,,,
11042931,JA374193,01-01-2015 00:01,069XX S STEWART AVE,1562,SEX OFFENSE,AGG CRIMINAL SEXUAL ABUSE,RESIDENCE,FALSE,FALSE,731,7,6,68,17,,,2015,08-05-2017 15:50,,,
11042934,JA374701,01/27/2015 12:01:00 AM,044XX S CALUMET AVE,266,CRIM SEXUAL ASSAULT,PREDATORY,RESIDENCE,FALSE,FALSE,215,2,3,38,2,,,2015,08-05-2017 15:50,,,
11042861,JA374153,01-01-2007 00:01,026XX W 21ST ST,266,CRIM SEXUAL ASSAULT,PREDATORY,RESIDENCE,FALSE,FALSE,1023,10,28,30,2,,,2007,10/21/2017 03:44:12 PM,,,
11042901,JA374744,04-01-2015 00:01,051XX S MARSHFIELD AVE,291,CRIM SEXUAL ASSAULT,ATTEMPT NON-AGGRAVATED,APARTMENT,FALSE,FALSE,932,9,16,61,2,,,2015,08-12-2017 15:48,,,
11042927,JA374449,01-01-2015 00:01,022XX N AVERS AVE,1750,OFFENSE INVOLVING CHILDREN,CHILD ABUSE,RESIDENCE,FALSE,TRUE,2525,25,30,22,20,,,2015,08/25/2017 03:48:04 PM,,,
11042914,JA374555,01-01-2008 00:01,011XX S WHIPPLE ST,281,CRIM SEXUAL ASSAULT,NON-AGGRAVATED,RESIDENCE,FALSE,TRUE,1134,11,28,29,2,,,2008,08/19/2017 03:48:07 PM,,,
11042939,JA376124,01-01-2015 00:01,049XX S LECLAIRE AVE,281,CRIM SEXUAL ASSAULT,NON-AGGRAVATED,RESIDENCE,FALSE,FALSE,814,8,23,56,2,,,2015,08-05-2017 15:50,,,
11043021,JA367631,10/19/2016 07:00:00 PM,075XX S YATES BLVD,610,BURGLARY,FORCIBLE ENTRY,RESTAURANT,FALSE,FALSE,421,4,7,43,5,,,2016,08-05-2017 15:50,,,
11227569,JB147582,10-01-2017 00:00,004XX E 71ST ST,1582,OFFENSE INVOLVING CHILDREN,CHILD PORNOGRAPHY,APARTMENT,FALSE,FALSE,323,3,6,69,17,,,2017,02-11-2018 15:57,,,
11042938,JA377035,01-01-2007 00:01,019XX N HARLEM AVE,266,CRIM SEXUAL ASSAULT,PREDATORY,DAY CARE CENTER,FALSE,FALSE,2513,25,36,25,2,,,2007,08/19/2017 03:48:07 PM,,,
11227513,JB137941,09-01-2017 09:00,030XX W HARRISON ST,1562,SEX OFFENSE,AGG CRIMINAL SEXUAL ABUSE,"SCHOOL, PUBLIC, BUILDING",FALSE,FALSE,1134,11,28,27,17,,,2017,02-11-2018 15:57,,,
11652235,JC220532,12-01-2017 10:45,0000X E 89TH ST,1153,DECEPTIVE PRACTICE,FINANCIAL IDENTITY THEFT OVER $ 300,,FALSE,FALSE,634,6,9,44,11,,,2017,04-12-2019 16:08,,,
10225905,HY413277,09-06-2015 21:48,088XX S BURLEY AVE,1350,CRIMINAL TRESPASS,TO STATE SUP LAND,CHA PARKING LOT/GROUNDS,TRUE,FALSE,424,4,7,46,26,1199205,1846953,2015,02-10-2018 15:50,41.73484723,-87.54577705,"(41.734847232, -87.545777045)"
1744168,G553545,09/15/2001 02:00:00 AM,013XX W POLK ST,460,BATTERY,SIMPLE,STREET,FALSE,FALSE,1213,12,,,08B,,,2001,08/17/2015 03:03:40 PM,,,
11641644,JC207234,03/31/2019 09:30:00 AM,005XX N ogden ave,890,THEFT,FROM BUILDING,RESTAURANT,FALSE,FALSE,1215,12,1,24,6,,,2019,04-07-2019 16:05,,,
10226034,HY413458,09-07-2015 00:11,011XX S MASON AVE,141A,WEAPONS VIOLATION,UNLAWFUL USE HANDGUN,ALLEY,FALSE,FALSE,1513,15,29,25,15,1136892,1894432,2015,02-10-2018 15:50,41.86647573,-87.77293391,"(41.866475734, -87.772933914)"
10581023,HZ329792,09-01-2014 08:00,0000X E LAKE ST,1140,DECEPTIVE PRACTICE,EMBEZZLEMENT,OTHER,TRUE,FALSE,111,1,42,32,12,,,2014,03-01-2018 15:52,,,
10898827,HW262738,05-06-2013 14:45,090XX S HOUSTON AVE,1811,NARCOTICS,POSS: CANNABIS 30GMS OR LESS,STREET,TRUE,FALSE,424,4,10,46,18,,,2013,08-05-2017 15:48,,,
1833988,G666677,11-02-2001 18:30,002XX W CONGRESS PW,810,THEFT,OVER $500,OTHER,FALSE,FALSE,131,1,,,6,,,2001,08/17/2015 03:03:40 PM,,,
10226072,HY413492,09-07-2015 02:10,013XX N MILWAUKEE AVE,460,BATTERY,SIMPLE,SIDEWALK,FALSE,FALSE,1424,14,1,24,08B,1164309,1909321,2015,09/17/2015 11:37:18 AM,41.9067971,-87.67186166,"(41.906797102, -87.671861659)"
10226075,HY413504,09-07-2015 02:31,008XX W JACKSON BLVD,460,BATTERY,SIMPLE,SIDEWALK,TRUE,FALSE,1232,12,27,28,08B,1170954,1898857,2015,02-10-2018 15:50,41.87794002,-87.64775912,"(41.87794002, -87.647759117)"
11610673,JC169605,03-07-2018 21:00,048XX N Drake Ave,1153,DECEPTIVE PRACTICE,FINANCIAL IDENTITY THEFT OVER $ 300,,FALSE,FALSE,1712,17,33,14,11,,,2018,03-02-2019 16:09,,,
11243066,JB168427,03/29/2016 07:00:00 AM,067XX S RIDGELAND AVE,1153,DECEPTIVE PRACTICE,FINANCIAL IDENTITY THEFT OVER $ 300,OTHER,FALSE,FALSE,332,3,5,43,11,,,2016,03-01-2018 15:54,,,
11243056,JB168410,12/13/2017 12:01:00 AM,005XX W OHARE ST,810,THEFT,OVER $500,AIRPORT BUILDING NON-TERMINAL - SECURE AREA,FALSE,FALSE,1654,16,41,76,6,,,2017,03-01-2018 15:54,,,
11243415,JB168962,12/18/2017 09:00:00 AM,025XX W BIRCHWOOD AVE,1150,DECEPTIVE PRACTICE,CREDIT CARD FRAUD,APARTMENT,FALSE,FALSE,2411,24,50,2,11,,,2017,03-01-2018 15:54,,,
11605776,JC164503,02/24/2019 02:00:00 AM,009XX W FULLERTON AVE,810,THEFT,OVER $500,CTA TRAIN,FALSE,FALSE,1812,18,43,7,6,,,2019,03-03-2019 16:04,,,
11243873,JB168420,02/28/2017 12:00:00 AM,110XX S VERNON AVE,265,CRIMINAL SEXUAL ASSAULT,AGGRAVATED - OTHER,RESIDENCE,TRUE,TRUE,513,5,9,49,2,,,2017,07/23/2020 05:53:34 PM,,,
11247382,JB174162,01-01-2016 00:00,028XX W 22ND PL,1153,DECEPTIVE PRACTICE,FINANCIAL IDENTITY THEFT OVER $ 300,OTHER,FALSE,FALSE,1033,10,12,30,11,,,2016,03-06-2018 16:00,,,
11646766,JC214025,01-01-2018 09:10,019XX N KENMORE AVE,1153,DECEPTIVE PRACTICE,FINANCIAL IDENTITY THEFT OVER $ 300,,FALSE,FALSE,1811,18,43,7,11,,,2018,04-07-2019 16:05,,,
11243020,HZ184094,03-11-2016 23:00,052XX N ST LOUIS AVE,281,CRIM SEXUAL ASSAULT,NON-AGGRAVATED,RESIDENCE PORCH/HALLWAY,FALSE,FALSE,1712,17,39,13,2,,,2016,03-01-2018 15:54,,,
11616014,JC173495,11-01-2018 00:01,072XX S ASHLAND AVE,820,THEFT,$500 AND UNDER,STREET,FALSE,FALSE,735,7,17,67,6,,,2018,03-08-2019 16:36,,,
11243258,JB167849,01-01-2017 00:01,045XX N HAMLIN AVE,1752,OFFENSE INVOLVING CHILDREN,AGG CRIM SEX ABUSE FAM MEMBER,APARTMENT,FALSE,TRUE,1723,17,39,14,20,,,2017,05/15/2018 03:52:47 PM,,,
11243109,JB168444,12/14/2017 12:15:00 PM,020XX S CLARK ST,2825,OTHER OFFENSE,HARASSMENT BY TELEPHONE,APARTMENT,FALSE,FALSE,131,1,3,33,26,,,2017,03-01-2018 15:54,,,
10226319,HY413800,09-07-2015 10:34,016XX W HOWARD ST,4625,OTHER OFFENSE,PAROLE VIOLATION,PARK PROPERTY,TRUE,FALSE,2422,24,49,1,26,1164177,1950345,2015,02-10-2018 15:50,42.0193715,-87.67118199,"(42.019371503, -87.671181992)"
11243511,JB168893,02/20/2018 04:21:00 PM,005XX W ARLINGTON PL,820,THEFT,$500 AND UNDER,RESIDENCE PORCH/HALLWAY,FALSE,FALSE,1935,19,43,7,6,,,2018,03-01-2018 15:54,,,
10226368,HY413764,09-06-2015 01:00,030XX N MILWAUKEE AVE,031A,ROBBERY,ARMED: HANDGUN,SIDEWALK,FALSE,FALSE,2523,25,35,21,3,1151479,1919855,2015,02-10-2018 15:50,41.93596514,-87.71871438,"(41.935965143, -87.718714382)"
10226395,HY413819,09-07-2015 11:15,006XX S INDEPENDENCE BLVD,486,BATTERY,DOMESTIC BATTERY SIMPLE,GAS STATION,FALSE,TRUE,1133,11,24,27,08B,1151362,1897015,2015,02-10-2018 15:50,41.87329229,-87.71974478,"(41.873292286, -87.719744775)"
11243026,JB168257,11/15/2017 02:00:00 PM,012XX W ARTHINGTON ST,1150,DECEPTIVE PRACTICE,CREDIT CARD FRAUD,RESIDENCE,FALSE,FALSE,1231,12,2,28,11,,,2017,03-01-2018 15:54,,,
11243839,JB165874,11-05-2017 08:00,084XX S PARNELL AVE,820,THEFT,$500 AND UNDER,RESIDENTIAL YARD (FRONT/BACK),FALSE,FALSE,622,6,21,71,6,,,2017,03-01-2018 15:54,,,
11242963,JB168261,11-01-2014 09:00,009XX N TRUMBULL AVE,1153,DECEPTIVE PRACTICE,FINANCIAL IDENTITY THEFT OVER $ 300,RESIDENCE,FALSE,FALSE,1121,11,27,23,11,,,2014,03-01-2018 15:54,,,
11243412,JB168772,08/24/2017 03:18:00 PM,057XX S CICERO AVE,810,THEFT,OVER $500,RESTAURANT,TRUE,FALSE,813,8,23,56,6,,,2017,03/15/2018 03:53:30 PM,,,
11243580,JB169163,08/17/2017 10:00:00 AM,061XX N NORTHWEST HWY,890,THEFT,FROM BUILDING,BAR OR TAVERN,FALSE,FALSE,1611,16,41,10,6,,,2017,03-01-2018 15:54,,,
11243268,JB167760,01-01-2017 00:01,047XX N CLARK ST,1562,SEX OFFENSE,AGG CRIMINAL SEXUAL ABUSE,APARTMENT,FALSE,FALSE,1913,19,47,3,17,,,2017,09/13/2018 03:56:52 PM,,,
1896258,G749215,12/15/2001 02:00:00 AM,011XX N STATE ST,460,BATTERY,SIMPLE,STREET,FALSE,FALSE,1824,18,,,08B,,,2001,08/17/2015 03:03:40 PM,,,
11037549,JA371812,07/30/2017 04:00:00 AM,004XX N DEARBORN ST,870,THEFT,POCKET-PICKING,ALLEY,FALSE,FALSE,1831,18,42,8,6,,,2017,08-06-2017 15:53,,,
11642710,JC209088,03/31/2019 01:00:00 AM,015XX N WELLS ST,890,THEFT,FROM BUILDING,BAR OR TAVERN,FALSE,FALSE,1821,18,27,8,6,,,2019,04-07-2019 16:05,,,
11615748,JC176534,03-05-2017 09:00,025XX W JEROME ST,1156,DECEPTIVE PRACTICE,ATTEMPT - FINANCIAL IDENTITY THEFT,RESIDENCE,FALSE,FALSE,2411,24,50,2,11,,,2017,03-08-2019 16:36,,,
11223707,JB141873,02-05-2018 00:00,061XX N KENMORE AVE,2820,OTHER OFFENSE,TELEPHONE THREAT,RESIDENCE,FALSE,FALSE,2433,24,48,77,26,,,2018,02-12-2018 15:49,,,
11227940,JB148122,01-01-2016 11:00,108XX S CALUMET AVE,1154,DECEPTIVE PRACTICE,FINANCIAL IDENTITY THEFT $300 AND UNDER,RESIDENCE,FALSE,FALSE,513,5,9,49,11,,,2016,02-12-2018 15:49,,,
11646565,JC212945,11-01-2018 12:00,089XX S SOUTH CHICAGO AVE,930,MOTOR VEHICLE THEFT,THEFT/RECOVERY: AUTOMOBILE,GAS STATION,FALSE,FALSE,423,4,7,46,7,,,2018,04-07-2019 16:05,,,
11615919,JC176746,08-03-2009 10:00,008XX W GRACE ST,1153,DECEPTIVE PRACTICE,FINANCIAL IDENTITY THEFT OVER $ 300,APARTMENT,FALSE,FALSE,1923,19,46,6,11,,,2009,03-08-2019 16:36,,,
11646447,JC213946,10/24/2008 02:30:00 PM,036XX N NARRAGANSETT AVE,1153,DECEPTIVE PRACTICE,FINANCIAL IDENTITY THEFT OVER $ 300,APARTMENT,FALSE,FALSE,1633,16,36,17,11,,,2008,04-07-2019 16:05,,,
11228287,JB148482,01-03-2018 15:45,0000X W C1 ST,810,THEFT,OVER $500,AIRPORT TERMINAL LOWER LEVEL - NON-SECURE AREA,FALSE,FALSE,1651,16,41,76,6,,,2018,02-12-2018 15:49,,,
2094743,HH325023,04/23/2002 01:00:00 AM,002XX W OHIO ST,810,THEFT,OVER $500,STREET,FALSE,FALSE,1831,18,,,6,,,2002,08/17/2015 03:03:40 PM,,,
12016052,JD193500,03/18/2020 11:15:00 PM,009XX W MONTANA ST,1320,CRIMINAL DAMAGE,TO VEHICLE,RESIDENCE,FALSE,FALSE,1932,19,43,7,14,,,2020,03/25/2020 03:47:29 PM,,,
11646550,JC214099,10-04-2018 12:00,092XX S PERRY AVE,1120,DECEPTIVE PRACTICE,FORGERY,OTHER,FALSE,FALSE,634,6,21,49,10,,,2018,04-07-2019 16:05,,,
11227960,JB148137,10/20/2017 09:00:00 AM,008XX N PAULINA ST,2826,OTHER OFFENSE,HARASSMENT BY ELECTRONIC MEANS,RESIDENCE,FALSE,TRUE,1213,12,1,24,26,,,2017,02-12-2018 15:49,,,
11228593,JB149038,03-01-2016 00:00,092XX S WESTERN AVE,2820,OTHER OFFENSE,TELEPHONE THREAT,AUTO / BOAT / RV DEALERSHIP,FALSE,FALSE,2221,22,19,72,26,,,2016,02-12-2018 15:49,,,
11228565,JB148941,12/16/2017 02:30:00 PM,102XX S EBERHART AVE,610,BURGLARY,FORCIBLE ENTRY,VACANT LOT/LAND,FALSE,FALSE,511,5,9,49,5,,,2017,02-12-2018 15:49,,,
11228964,JB149656,12/24/2017 02:00:00 AM,005XX S STATE ST,330,ROBBERY,AGGRAVATED,CONVENIENCE STORE,FALSE,FALSE,123,1,2,32,3,,,2017,02/13/2018 03:58:53 PM,,,
11642709,JC208560,03/31/2019 11:00:00 AM,0000X E MONROE ST,890,THEFT,FROM BUILDING,HOTEL/MOTEL,FALSE,FALSE,112,1,42,32,6,,,2019,04-07-2019 16:05,,,
10226740,HY414086,09-07-2015 14:30,034XX W FLOURNOY ST,486,BATTERY,DOMESTIC BATTERY SIMPLE,APARTMENT,FALSE,TRUE,1133,11,24,27,08B,1153640,1896821,2015,02-10-2018 15:50,41.87271494,-87.71138623,"(41.872714939, -87.711386229)"
11228887,JB149545,12/29/2017 05:00:00 PM,087XX S ASHLAND AVE,810,THEFT,OVER $500,RESTAURANT,FALSE,FALSE,2221,22,21,71,6,,,2017,02/13/2018 03:58:53 PM,,,
11043823,JA378025,08-11-2013 17:00,004XX N CLARK ST,820,THEFT,$500 AND UNDER,RESTAURANT,FALSE,FALSE,1831,18,42,8,6,,,2013,08-06-2017 15:53,,,
11043900,JA378845,09/30/2015 07:45:00 PM,030XX N KNOX AVE,810,THEFT,OVER $500,WAREHOUSE,FALSE,FALSE,2521,25,31,19,6,,,2015,08-06-2017 15:53,,,
11228293,JB148253,07-01-2017 20:40,060XX S TALMAN AVE,1153,DECEPTIVE PRACTICE,FINANCIAL IDENTITY THEFT OVER $ 300,,FALSE,FALSE,825,8,15,66,11,,,2017,02-12-2018 15:49,,,
11029364,JA361501,05-10-2014 08:00,077XX S KINGSTON AVE,1153,DECEPTIVE PRACTICE,FINANCIAL IDENTITY THEFT OVER $ 300,OTHER,FALSE,FALSE,421,4,7,43,11,,,2014,07/25/2017 03:48:23 PM,,,
11243391,JB168811,12/30/2017 12:01:00 AM,0000X E LAKE ST,1153,DECEPTIVE PRACTICE,FINANCIAL IDENTITY THEFT OVER $ 300,OTHER,FALSE,FALSE,111,1,42,32,11,,,2017,03-01-2018 15:54,,,
11229088,JB149417,05/16/2017 12:20:00 PM,011XX W PRATT BLVD,1153,DECEPTIVE PRACTICE,FINANCIAL IDENTITY THEFT OVER $ 300,,FALSE,FALSE,2431,24,49,1,11,,,2017,02/13/2018 03:58:53 PM,,,
11029405,JA361556,10-01-2014 07:00,018XX N ST LOUIS AVE,1154,DECEPTIVE PRACTICE,FINANCIAL IDENTITY THEFT $300 AND UNDER,APARTMENT,FALSE,FALSE,1422,14,26,22,11,,,2014,07/25/2017 03:48:23 PM,,,
11029462,JA361647,07-01-2013 12:00,060XX N ALBANY AVE,1153,DECEPTIVE PRACTICE,FINANCIAL IDENTITY THEFT OVER $ 300,RESIDENCE,FALSE,FALSE,2413,24,50,2,11,,,2013,07/25/2017 03:48:23 PM,,,
11029611,JA361783,07/14/2014 09:00:00 AM,093XX S EWING AVE,1140,DECEPTIVE PRACTICE,EMBEZZLEMENT,OTHER,TRUE,FALSE,432,4,10,52,12,,,2014,04/14/2018 03:49:16 PM,,,
11029532,JA361567,12-01-2013 21:00,021XX N MULLIGAN AVE,265,CRIM SEXUAL ASSAULT,AGGRAVATED: OTHER,RESIDENCE,FALSE,TRUE,2512,25,29,19,2,,,2013,07/25/2017 03:48:23 PM,,,
11228256,JB148524,09-07-2017 18:00,035XX N WILTON AVE,1153,DECEPTIVE PRACTICE,FINANCIAL IDENTITY THEFT OVER $ 300,RESIDENCE,FALSE,FALSE,1924,19,44,6,11,,,2017,02-12-2018 15:49,,,
11029711,JA361905,09-01-2014 10:00,061XX S EBERHART AVE,1153,DECEPTIVE PRACTICE,FINANCIAL IDENTITY THEFT OVER $ 300,RESIDENCE,FALSE,FALSE,313,3,20,42,11,,,2014,07/25/2017 03:48:23 PM,,,
11618919,JC180575,10/30/2018 08:00:00 AM,053XX S CORNELL AVE,1153,DECEPTIVE PRACTICE,FINANCIAL IDENTITY THEFT OVER $ 300,,FALSE,FALSE,234,2,5,41,11,,,2018,03-11-2019 16:05,,,
11029673,JA361846,01/24/2009 06:00:00 PM,024XX W 46TH ST,1752,OFFENSE INVOLVING CHILDREN,AGG CRIM SEX ABUSE FAM MEMBER,RESIDENCE,TRUE,FALSE,922,9,12,58,20,,,2009,02-08-2018 15:48,,,
11228573,JB148940,11-01-2017 15:00,004XX E 33RD ST,2825,OTHER OFFENSE,HARASSMENT BY TELEPHONE,RESIDENCE,FALSE,TRUE,211,2,4,35,26,,,2017,02-12-2018 15:49,,,
9771966,HX347197,07/16/2014 10:50:00 AM,063XX S COTTAGE GROVE AVE,1821,NARCOTICS,MANU/DEL:CANNABIS 10GM OR LESS,VEHICLE NON-COMMERCIAL,TRUE,FALSE,312,3,20,42,18,,,2014,07/25/2017 03:48:23 PM,,,
11646393,JC213889,12-01-2018 08:00,026XX W 25TH ST,1153,DECEPTIVE PRACTICE,FINANCIAL IDENTITY THEFT OVER $ 300,RESIDENCE,FALSE,FALSE,1034,10,24,30,11,,,2018,04-07-2019 16:05,,,
11249273,JB176797,09/15/2017 12:00:00 PM,112XX S CHAMPLAIN AVE,1153,DECEPTIVE PRACTICE,FINANCIAL IDENTITY THEFT OVER $ 300,APARTMENT,FALSE,FALSE,531,5,9,50,11,,,2017,03-08-2018 15:55,,,
9715284,HX282369,05/30/2014 11:06:56 AM,029XX W WILCOX ST,2027,NARCOTICS,POSS: CRACK,APARTMENT,TRUE,FALSE,1124,11,2,27,18,,,2014,07/25/2017 03:46:39 PM,,,
11641640,JC207466,03/31/2019 12:30:00 PM,037XX W Ogden Ave,820,THEFT,$500 AND UNDER,ATHLETIC CLUB,FALSE,FALSE,1014,10,24,29,6,,,2019,04-07-2019 16:05,,,
11228094,JB148335,11/20/2017 03:00:00 PM,055XX N CHRISTIANA AVE,1156,DECEPTIVE PRACTICE,ATTEMPT - FINANCIAL IDENTITY THEFT,POOL ROOM,FALSE,FALSE,1712,17,40,13,11,,,2017,02-12-2018 15:49,,,
11228056,JB148123,11/21/2017 12:00:00 PM,028XX N SACRAMENTO AVE,1152,DECEPTIVE PRACTICE,ILLEGAL USE CASH CARD,APARTMENT,FALSE,FALSE,1411,14,35,21,11,,,2017,02-12-2018 15:49,,,
11228588,JB149037,06-04-2012 12:00,037XX W 85TH PL,1154,DECEPTIVE PRACTICE,FINANCIAL IDENTITY THEFT $300 AND UNDER,RESIDENCE,FALSE,FALSE,834,8,18,70,11,,,2012,02-12-2018 15:49,,,
11250184,JB177829,01-01-2008 00:01,066XX S MAY ST,265,CRIM SEXUAL ASSAULT,AGGRAVATED: OTHER,RESIDENCE,FALSE,FALSE,724,7,17,68,2,,,2008,03-08-2018 15:55,,,
11252344,JB180795,10-09-2017 10:00,0000X E 75TH ST,1130,DECEPTIVE PRACTICE,FRAUD OR CONFIDENCE GAME,STREET,FALSE,FALSE,323,3,6,69,11,,,2017,03-12-2018 15:47,,,
11225457,JB144550,02-05-2018 18:00,013XX N LA SALLE DR,890,THEFT,FROM BUILDING,RESIDENCE-GARAGE,FALSE,FALSE,1821,18,43,8,6,,,2018,02-12-2018 15:49,,,
11243635,JB169214,08/31/2017 12:00:00 AM,039XX W VAN BUREN ST,1150,DECEPTIVE PRACTICE,CREDIT CARD FRAUD,APARTMENT,FALSE,TRUE,1132,11,24,26,11,,,2017,03-01-2018 15:54,,,
11242929,JB168310,01-01-2015 00:00,049XX S COTTAGE GROVE AVE,1153,DECEPTIVE PRACTICE,FINANCIAL IDENTITY THEFT OVER $ 300,APARTMENT,FALSE,FALSE,223,2,4,39,11,,,2015,03-01-2018 15:54,,,
11243481,JB168909,11-04-2017 22:00,064XX S DR MARTIN LUTHER KING JR DR,5002,OTHER OFFENSE,OTHER VEHICLE OFFENSE,STREET,FALSE,FALSE,312,3,20,69,26,,,2017,03-01-2018 15:54,,,
11251681,JB180001,12-08-2017 10:00,004XX E 71ST ST,890,THEFT,FROM BUILDING,COMMERCIAL / BUSINESS OFFICE,FALSE,FALSE,323,3,6,69,6,,,2017,03/19/2018 04:09:36 PM,,,
11243284,JB168734,12/28/2017 09:00:00 AM,064XX N BELL AVE,1153,DECEPTIVE PRACTICE,FINANCIAL IDENTITY THEFT OVER $ 300,RESIDENCE,FALSE,FALSE,2412,24,50,2,11,,,2017,03-01-2018 15:54,,,
11242965,JB168370,12/28/2017 02:00:00 PM,027XX N HAMPDEN CT,1153,DECEPTIVE PRACTICE,FINANCIAL IDENTITY THEFT OVER $ 300,RESIDENCE,FALSE,FALSE,1935,19,43,7,11,,,2017,03-01-2018 15:54,,,
10227294,HY413836,09-06-2015 13:45,029XX N ASHLAND AVE,820,THEFT,$500 AND UNDER,PARKING LOT/GARAGE(NON.RESID.),FALSE,FALSE,1931,19,32,6,6,1165151,1919501,2015,02-10-2018 15:50,41.93471379,-87.66847873,"(41.934713787, -87.668478733)"
11264617,JB196863,08-03-2014 12:00,012XX S AVERS AVE,1153,DECEPTIVE PRACTICE,FINANCIAL IDENTITY THEFT OVER $ 300,RESIDENCE,FALSE,FALSE,1011,10,24,29,11,,,2014,03/24/2018 03:57:17 PM,,,
11243493,JB169102,08-04-2017 15:00,003XX E RANDOLPH ST,810,THEFT,OVER $500,PARK PROPERTY,FALSE,FALSE,114,1,42,32,6,,,2017,03-01-2018 15:54,,,
11243514,JB168799,11-12-2014 00:00,107XX S PEORIA ST,1153,DECEPTIVE PRACTICE,FINANCIAL IDENTITY THEFT OVER $ 300,,FALSE,FALSE,2233,22,34,75,11,,,2014,03-01-2018 15:54,,,
11037536,JA371293,07/31/2017 08:05:00 AM,004XX N MC CLURG CT,1310,CRIMINAL DAMAGE,TO PROPERTY,BOAT/WATERCRAFT,FALSE,FALSE,1834,18,42,8,14,,,2017,08-07-2017 15:52,,,
10655573,HZ405438,10-01-2014 09:00,036XX N LAMON AVE,1153,DECEPTIVE PRACTICE,FINANCIAL IDENTITY THEFT OVER $ 300,APARTMENT,FALSE,FALSE,1634,16,38,15,11,,,2014,08/25/2016 03:50:02 PM,,,
10227629,HY415079,09-04-2015 20:00,056XX N SACRAMENTO AVE,810,THEFT,OVER $500,STREET,FALSE,FALSE,2011,20,40,2,6,1155346,1937286,2015,02-10-2018 15:50,41.98371993,-87.70403231,"(41.983719931, -87.70403231)"
11243040,JB167177,12-12-2017 12:00,033XX W 47TH ST,890,THEFT,FROM BUILDING,WAREHOUSE,FALSE,FALSE,821,8,14,58,6,,,2017,03-01-2018 15:54,,,
11024203,JA354900,07/19/2017 07:15:00 AM,0000X E WASHINGTON ST,890,THEFT,FROM BUILDING,RESTAURANT,FALSE,FALSE,112,1,42,32,6,,,2017,07/26/2017 03:56:50 PM,,,
11242979,JB168283,01-01-2017 09:00,010XX W WASHINGTON BLVD,1154,DECEPTIVE PRACTICE,FINANCIAL IDENTITY THEFT $300 AND UNDER,OTHER,FALSE,FALSE,1224,12,27,28,11,,,2017,03-01-2018 15:54,,,
11243419,JB168945,06-01-2017 12:00,071XX W ARMITAGE AVE,460,BATTERY,SIMPLE,RESIDENCE,FALSE,TRUE,2513,25,36,25,08B,,,2017,03/21/2018 03:58:51 PM,,,
11243119,JB168573,11-02-2017 13:00,063XX N MOZART ST,2825,OTHER OFFENSE,HARASSMENT BY TELEPHONE,APARTMENT,FALSE,FALSE,2413,24,50,2,26,,,2017,03-01-2018 15:54,,,
11243494,JB168634,11/15/2017 07:16:00 PM,097XX S AVENUE J,1154,DECEPTIVE PRACTICE,FINANCIAL IDENTITY THEFT $300 AND UNDER,RESIDENCE,FALSE,FALSE,432,4,10,52,11,,,2017,03-01-2018 15:54,,,
2370646,HH676216,09/26/2002 01:30:00 PM,034XX W 79TH ST,460,BATTERY,SIMPLE,STREET,FALSE,FALSE,835,8,18,70,08B,,,2002,08/17/2015 03:03:40 PM,,,
10228043,HY415619,09-07-2015 17:00,055XX S KIMBARK AVE,820,THEFT,$500 AND UNDER,STREET,FALSE,FALSE,235,2,5,41,6,1185606,1868621,2015,02-10-2018 15:50,41.79463691,-87.59491574,"(41.794636912, -87.594915739)"
2378227,HH686534,10-01-2002 19:00,022XX W NORTH AVE,910,MOTOR VEHICLE THEFT,AUTOMOBILE,STREET,FALSE,FALSE,1424,14,1,24,7,,,2002,08/17/2015 03:03:40 PM,,,
11644829,JC211523,04-01-2019 15:00,005XX W ARLINGTON PL,890,THEFT,FROM BUILDING,APARTMENT,FALSE,FALSE,1935,19,43,7,6,,,2019,04-08-2019 16:19,,,
10228118,HY415740,01-01-2013 00:00,080XX S MORGAN ST,1562,SEX OFFENSE,AGG CRIMINAL SEXUAL ABUSE,RESIDENCE,FALSE,TRUE,621,6,21,71,17,1171044,1851470,2013,02-10-2018 15:50,41.74790331,-87.6488146,"(41.747903314, -87.648814601)"
11647549,JC214237,06-07-2018 15:00,102XX S EGGLESTON AVE,820,THEFT,$500 AND UNDER,OTHER,FALSE,FALSE,2232,22,9,73,6,,,2018,04-09-2019 16:17,,,
11030881,JA362444,07-08-2017 18:00,003XX E OHIO ST,890,THEFT,FROM BUILDING,RESTAURANT,FALSE,FALSE,1834,18,42,8,6,,,2017,07/26/2017 03:56:50 PM,,,
11031104,JA362043,07/24/2008 12:01:00 AM,031XX W FILLMORE ST,1563,SEX OFFENSE,CRIMINAL SEXUAL ABUSE,APARTMENT,FALSE,TRUE,1134,11,24,29,17,,,2008,07/26/2017 03:56:50 PM,,,
11031226,JA362537,08-04-2009 12:00,073XX S YATES BLVD,1153,DECEPTIVE PRACTICE,FINANCIAL IDENTITY THEFT OVER $ 300,RESIDENCE,FALSE,FALSE,334,3,7,43,11,,,2009,07/26/2017 03:56:50 PM,,,
11227476,JB147378,12/18/2017 12:00:00 PM,053XX N LINDER AVE,1152,DECEPTIVE PRACTICE,ILLEGAL USE CASH CARD,APARTMENT,FALSE,FALSE,1623,16,45,11,11,,,2017,02/13/2018 03:56:09 PM,,,
2439013,HH761070,11-05-2002 16:40,063XX S ROCKWELL ST,031A,ROBBERY,ARMED: HANDGUN,STREET,TRUE,FALSE,825,8,15,66,3,,,2002,08/17/2015 03:03:40 PM,,,
11030960,JA363404,01-01-2009 00:00,007XX W 81ST ST,266,CRIM SEXUAL ASSAULT,PREDATORY,RESIDENCE,TRUE,FALSE,621,6,21,71,2,,,2009,10/28/2017 03:50:55 PM,,,
11044965,JA379380,06/28/2013 12:00:00 PM,020XX N MILWAUKEE AVE,1153,DECEPTIVE PRACTICE,FINANCIAL IDENTITY THEFT OVER $ 300,,FALSE,FALSE,1431,14,1,22,11,,,2013,08-07-2017 15:52,,,
10751224,HZ513641,01-01-2012 08:00,010XX S MAYFIELD AVE,1752,OFFENSE INVOLVING CHILDREN,AGG CRIM SEX ABUSE FAM MEMBER,RESIDENCE,FALSE,FALSE,1513,15,29,25,20,,,2012,07/27/2017 03:50:07 PM,,,
11228873,JB149562,07-01-2017 00:00,019XX W ROSCOE ST,1153,DECEPTIVE PRACTICE,FINANCIAL IDENTITY THEFT OVER $ 300,RESIDENCE,FALSE,FALSE,1922,19,32,5,11,,,2017,02/13/2018 03:58:53 PM,,,
11647702,JC214957,02/23/2019 11:00:00 PM,0000X E 75TH ST,820,THEFT,$500 AND UNDER,BAR OR TAVERN,FALSE,FALSE,623,6,6,69,6,,,2019,04-08-2019 16:19,,,
11228656,JB149151,01-01-2017 06:00,081XX S ELLIS AVE,1153,DECEPTIVE PRACTICE,FINANCIAL IDENTITY THEFT OVER $ 300,RESIDENCE,FALSE,FALSE,631,6,8,44,11,,,2017,02/13/2018 03:58:53 PM,,,
11228801,JB149421,12-01-2016 00:01,060XX S PRAIRIE AVE,1153,DECEPTIVE PRACTICE,FINANCIAL IDENTITY THEFT OVER $ 300,RESIDENCE,FALSE,FALSE,311,3,20,40,11,,,2016,02/13/2018 03:58:53 PM,,,
11228690,JB149220,06/30/2017 12:00:00 AM,001XX N CENTRAL AVE,4650,OTHER OFFENSE,SEX OFFENDER: FAIL TO REGISTER,RESIDENCE,TRUE,FALSE,1523,15,29,25,26,,,2017,03-06-2018 15:56,,,
11229320,JB150109,09/29/2017 06:30:00 PM,058XX N CUMBERLAND AVE,820,THEFT,$500 AND UNDER,CTA STATION,FALSE,FALSE,1614,16,41,76,6,,,2017,02/13/2018 03:58:53 PM,,,
11228723,JB149162,11-01-2017 06:00,016XX W AINSLIE ST,1153,DECEPTIVE PRACTICE,FINANCIAL IDENTITY THEFT OVER $ 300,APARTMENT,FALSE,FALSE,2032,20,47,3,11,,,2017,02/13/2018 03:58:53 PM,,,
6329138,HP422605,06/28/2008 11:00:00 PM,048XX N BROADWAY,810,THEFT,OVER $500,STREET,FALSE,FALSE,2033,20,48,3,6,,,2008,08/17/2015 03:03:40 PM,,,
11228897,JB149633,09-01-2017 08:00,022XX N LOCKWOOD AVE,1154,DECEPTIVE PRACTICE,FINANCIAL IDENTITY THEFT $300 AND UNDER,RESIDENCE,FALSE,FALSE,2515,25,37,19,11,,,2017,02/13/2018 03:58:53 PM,,,
11642696,JC209087,04-01-2019 00:00,021XX W Crystal St,810,THEFT,OVER $500,RESIDENCE PORCH/HALLWAY,FALSE,FALSE,1424,14,2,24,6,,,2019,04-08-2019 16:19,,,
11647398,JC215016,06-01-2018 15:00,038XX W FLOURNOY ST,1710,OFFENSE INVOLVING CHILDREN,ENDANGERING LIFE/HEALTH CHILD,RESIDENCE,FALSE,FALSE,1133,11,24,26,20,,,2018,04-08-2019 16:19,,,
10228500,HY415338,09-07-2015 22:00,010XX W 48TH ST,460,BATTERY,SIMPLE,STREET,FALSE,FALSE,933,9,3,61,08B,1170141,1872982,2015,02-10-2018 15:50,41.8069545,-87.65149848,"(41.8069545, -87.651498476)"
11228780,JB149380,11/23/2017 12:30:00 PM,007XX N AVERS AVE,610,BURGLARY,FORCIBLE ENTRY,RESIDENCE,FALSE,FALSE,1112,11,27,23,5,,,2017,02/13/2018 03:58:53 PM,,,
10228534,HY416053,09-08-2015 21:55,003XX S DAMEN AVE,1320,CRIMINAL DAMAGE,TO VEHICLE,CHA PARKING LOT/GROUNDS,FALSE,FALSE,1225,12,2,28,14,1163119,1898512,2015,02-10-2018 15:50,41.87716145,-87.67653695,"(41.877161446, -87.676536946)"
11228908,JB149546,08-09-2017 22:55,063XX N SHERIDAN RD,1320,CRIMINAL DAMAGE,TO VEHICLE,RESIDENCE-GARAGE,FALSE,FALSE,2433,24,49,77,14,,,2017,02/13/2018 03:58:53 PM,,,
10228680,HY416213,09-08-2015 20:30,038XX N KENMORE AVE,1320,CRIMINAL DAMAGE,TO VEHICLE,ALLEY,FALSE,FALSE,1923,19,44,6,14,1168587,1925718,2015,02-10-2018 15:50,41.95169969,-87.65567083,"(41.951699691, -87.655670827)"
11229073,JB149473,09/13/2017 01:40:00 PM,031XX W AUGUSTA BLVD,1153,DECEPTIVE PRACTICE,FINANCIAL IDENTITY THEFT OVER $ 300,,FALSE,FALSE,1211,12,26,23,11,,,2017,02/13/2018 03:58:53 PM,,,
11229204,JB149993,04-01-2016 00:00,005XX N KINGSBURY ST,1153,DECEPTIVE PRACTICE,FINANCIAL IDENTITY THEFT OVER $ 300,RESIDENCE,FALSE,FALSE,1831,18,42,8,11,,,2016,02/17/2018 03:52:55 PM,,,
11228685,JB149208,01-01-2017 12:00,108XX S FOREST AVE,1153,DECEPTIVE PRACTICE,FINANCIAL IDENTITY THEFT OVER $ 300,RESIDENCE,FALSE,FALSE,513,5,9,49,11,,,2017,02/13/2018 03:58:53 PM,,,
10229056,HY416256,09-08-2015 11:00,051XX S HYDE PARK BLVD,910,MOTOR VEHICLE THEFT,AUTOMOBILE,STREET,FALSE,FALSE,234,2,4,41,7,1188361,1871116,2015,09/17/2015 11:37:18 AM,41.80141799,-87.58473369,"(41.801417986, -87.584733686)"
11228710,JB149234,03/27/2017 12:01:00 AM,031XX W AUGUSTA BLVD,1153,DECEPTIVE PRACTICE,FINANCIAL IDENTITY THEFT OVER $ 300,APARTMENT,FALSE,FALSE,1211,12,26,23,11,,,2017,02/13/2018 03:58:53 PM,,,
11228889,JB149527,11-01-2017 00:01,076XX S CLYDE AVE,2820,OTHER OFFENSE,TELEPHONE THREAT,RESIDENCE,FALSE,FALSE,414,4,8,43,26,,,2017,02/13/2018 03:58:53 PM,,,
11228628,JB149091,11/22/2017 12:01:00 AM,080XX S MANISTEE AVE,4651,OTHER OFFENSE,SEX OFFENDER: FAIL REG NEW ADD,RESIDENCE,FALSE,FALSE,422,4,7,46,26,,,2017,02/13/2018 03:58:53 PM,,,
11025521,JA356285,07/20/2017 04:15:00 AM,011XX W WOLFRAM ST,810,THEFT,OVER $500,RESIDENTIAL YARD (FRONT/BACK),FALSE,FALSE,1933,19,44,6,6,,,2017,07/27/2017 03:50:07 PM,,,
11648173,JC216048,11-01-2018 00:00,062XX S MARSHFIELD AVE,1153,DECEPTIVE PRACTICE,FINANCIAL IDENTITY THEFT OVER $ 300,APARTMENT,FALSE,FALSE,714,7,16,67,11,,,2018,04-08-2019 16:19,,,
10229129,HY416413,09-08-2015 23:30,029XX N LONG AVE,610,BURGLARY,FORCIBLE ENTRY,RESIDENCE-GARAGE,FALSE,TRUE,2514,25,31,19,5,1139857,1919204,2015,02-10-2018 15:50,41.93439943,-87.7614427,"(41.934399427, -87.7614427)"
11229067,JB149469,08-12-2017 14:45,043XX S MICHIGAN AVE,1153,DECEPTIVE PRACTICE,FINANCIAL IDENTITY THEFT OVER $ 300,,FALSE,FALSE,215,2,3,38,11,,,2017,02/13/2018 03:58:53 PM,,,
11642705,JC208563,04-01-2019 20:25,026XX N DAYTON ST,2825,OTHER OFFENSE,HARASSMENT BY TELEPHONE,RESIDENCE,FALSE,FALSE,1935,19,43,7,26,,,2019,04-08-2019 16:19,,,
11647523,JC215281,11-11-2018 00:01,016XX W WALLEN AVE,1140,DECEPTIVE PRACTICE,EMBEZZLEMENT,APARTMENT,FALSE,FALSE,2432,24,49,1,12,,,2018,04-08-2019 16:19,,,
10229538,HY416683,09-09-2015 00:00,031XX S GREEN ST,1320,CRIMINAL DAMAGE,TO VEHICLE,PARKING LOT/GARAGE(NON.RESID.),FALSE,FALSE,913,9,11,60,14,1171253,1884147,2015,02-10-2018 15:50,41.83756806,-87.64709296,"(41.837568056, -87.647092956)"
11229244,JB150022,12/16/2017 09:30:00 AM,028XX W SUMMERDALE AVE,560,ASSAULT,SIMPLE,RESIDENTIAL YARD (FRONT/BACK),FALSE,FALSE,2011,20,40,4,08A,,,2017,02/13/2018 03:58:53 PM,,,
11229066,JB149425,06-01-2014 00:00,079XX S DREXEL AVE,1153,DECEPTIVE PRACTICE,FINANCIAL IDENTITY THEFT OVER $ 300,,FALSE,FALSE,624,6,8,44,11,,,2014,02/13/2018 03:58:53 PM,,,
11224569,JB143064,02-06-2018 08:01,035XX S ARCHER AVE,560,ASSAULT,SIMPLE,VEHICLE NON-COMMERCIAL,FALSE,FALSE,912,9,11,59,08A,,,2018,02/13/2018 03:58:53 PM,,,
11228877,JB149540,10/23/2017 04:00:00 PM,066XX N MAPLEWOOD AVE,1153,DECEPTIVE PRACTICE,FINANCIAL IDENTITY THEFT OVER $ 300,APARTMENT,FALSE,FALSE,2412,24,50,2,11,,,2017,02/13/2018 03:58:53 PM,,,
11228666,JB149148,01-01-2013 00:01,060XX W BYRON ST,266,CRIM SEXUAL ASSAULT,PREDATORY,VEHICLE NON-COMMERCIAL,FALSE,FALSE,1633,16,38,17,2,,,2013,02/13/2018 03:58:53 PM,,,
11228645,JB149128,09/14/2015 12:01:00 AM,021XX N MOODY AVE,1710,OFFENSE INVOLVING CHILDREN,ENDANGERING LIFE/HEALTH CHILD,RESIDENCE,FALSE,FALSE,2512,25,29,19,20,,,2015,02/13/2018 03:58:53 PM,,,
11228604,JB149032,12/14/2017 06:30:00 PM,063XX S STONY ISLAND AVE,810,THEFT,OVER $500,ATHLETIC CLUB,FALSE,FALSE,314,3,20,42,6,,,2017,02/13/2018 03:58:53 PM,,,
11860426,JC472216,10/13/2019 10:00:00 AM,042XX W WAVELAND AVE,820,THEFT,$500 AND UNDER,STREET,FALSE,FALSE,1731,17,45,16,6,1147456,1924255,2019,10/20/2019 04:03:03 PM,41.94811731,-87.7333862,"(41.948117311, -87.733386199)"
11038887,JA372625,08-01-2017 06:30,017XX W ESTES AVE,820,THEFT,$500 AND UNDER,RESIDENCE PORCH/HALLWAY,FALSE,FALSE,2423,24,49,1,6,,,2017,08-08-2017 15:53,,,
11038898,JA372967,08-01-2017 14:25,025XX S DR MARTIN LUTHER KING JR DR,890,THEFT,FROM BUILDING,MEDICAL/DENTAL OFFICE,FALSE,FALSE,133,1,2,33,6,,,2017,08-08-2017 15:53,,,
11228900,JB149617,09-12-2017 09:00,065XX W ADDISON ST,1153,DECEPTIVE PRACTICE,FINANCIAL IDENTITY THEFT OVER $ 300,RESIDENCE,FALSE,FALSE,1632,16,36,17,11,,,2017,02/13/2018 03:58:53 PM,,,
11031460,JA363955,07/20/2014 11:00:00 PM,014XX W FILLMORE ST,810,THEFT,OVER $500,RESIDENCE-GARAGE,FALSE,FALSE,1231,12,2,28,6,,,2014,07/27/2017 03:50:07 PM,,,
11032112,JA364633,10-01-2012 00:00,002XX W WASHINGTON ST,1153,DECEPTIVE PRACTICE,FINANCIAL IDENTITY THEFT OVER $ 300,,FALSE,FALSE,122,1,42,32,11,,,2012,07/27/2017 03:50:07 PM,,,
11648822,JC216887,12/13/2011 12:00:00 AM,115XX S MARSHFIELD AVE,1153,DECEPTIVE PRACTICE,FINANCIAL IDENTITY THEFT OVER $ 300,ATHLETIC CLUB,FALSE,FALSE,2234,22,34,75,11,,,2011,04-09-2019 16:24,,,
10229852,HY417053,09-09-2015 17:51,015XX S KEDZIE AVE,143A,WEAPONS VIOLATION,UNLAWFUL POSS OF HANDGUN,ALLEY,TRUE,FALSE,1022,10,24,29,15,1155282,1892130,2015,02-10-2018 15:50,41.85980953,-87.70548363,"(41.859809525, -87.705483628)"
9617239,HX123401,01/22/2014 06:00:00 AM,033XX W FILLMORE ST,2093,NARCOTICS,FOUND SUSPECT NARCOTICS,POLICE FACILITY/VEH PARKING LOT,TRUE,FALSE,1134,11,24,29,18,,,2014,07/29/2017 03:52:50 PM,,,
11029129,JA361175,04-08-2015 00:00,020XX W DIVISION ST,860,THEFT,RETAIL THEFT,RESTAURANT,FALSE,FALSE,1212,12,1,24,6,,,2015,07/27/2017 03:47:52 PM,,,
10229982,HY417329,09-09-2015 19:00,035XX N HAMLIN AVE,560,ASSAULT,SIMPLE,SIDEWALK,FALSE,FALSE,1732,17,30,21,08A,1150427,1923425,2015,02-10-2018 15:50,41.94578214,-87.72248711,"(41.945782141, -87.722487106)"
10230001,HY417434,08-05-2015 10:00,078XX S ADA ST,560,ASSAULT,SIMPLE,RESIDENCE,FALSE,FALSE,612,6,17,71,08A,1168799,1852878,2015,02-10-2018 15:50,41.75181577,-87.65700044,"(41.751815774, -87.657000438)"
10917482,HX386010,08/13/2014 02:00:00 PM,010XX N SPRINGFIELD AVE,820,THEFT,$500 AND UNDER,VEHICLE NON-COMMERCIAL,FALSE,FALSE,1112,11,27,23,6,,,2014,07/28/2017 03:47:55 PM,,,
10230113,HY417363,09-09-2015 21:00,073XX S MAY ST,2820,OTHER OFFENSE,TELEPHONE THREAT,RESIDENCE,FALSE,FALSE,733,7,17,68,26,1169925,1856057,2015,02-10-2018 15:50,41.760515,-87.65278201,"(41.760515004, -87.652782012)"
4227855,HL534770,08-07-2005 07:15,019XX N CENTRAL AV OVERPASS,810,THEFT,OVER $500,STREET,FALSE,FALSE,2515,25,29,25,6,,,2005,08/17/2015 03:03:40 PM,,,
10230156,HY417587,09-04-2015 16:00,110XX S HALSTED ST,810,THEFT,OVER $500,COMMERCIAL / BUSINESS OFFICE,FALSE,FALSE,2233,22,34,49,6,1172952,1831592,2015,02-10-2018 15:50,41.69331339,-87.64240768,"(41.69331339, -87.642407676)"
10230171,HY417655,09-03-2015 00:01,094XX S HARVARD AVE,1310,CRIMINAL DAMAGE,TO PROPERTY,CHA APARTMENT,FALSE,FALSE,634,6,21,49,14,1175663,1842190,2015,02-10-2018 15:50,41.72233571,-87.63216622,"(41.722335711, -87.632166215)"
11040127,JA374003,08-01-2017 09:00,003XX W ADAMS ST,810,THEFT,OVER $500,COMMERCIAL / BUSINESS OFFICE,FALSE,FALSE,122,1,2,32,6,,,2017,08-08-2017 15:53,,,
11243401,JB168974,04-01-2017 00:01,019XX W CERMAK RD,1152,DECEPTIVE PRACTICE,ILLEGAL USE CASH CARD,SMALL RETAIL STORE,FALSE,FALSE,1034,10,25,31,11,,,2017,03-02-2018 15:52,,,
11244115,JB169766,12-05-2017 12:00,023XX S MILLARD AVE,1152,DECEPTIVE PRACTICE,ILLEGAL USE CASH CARD,RESIDENCE,FALSE,FALSE,1013,10,22,30,11,,,2017,03-02-2018 15:54,,,
11243981,JB168512,01/28/2014 12:00:00 PM,008XX W 53RD PL,1153,DECEPTIVE PRACTICE,FINANCIAL IDENTITY THEFT OVER $ 300,OTHER,FALSE,FALSE,934,9,20,61,11,,,2014,03-02-2018 15:54,,,
11045871,JA380971,01-02-2009 16:00,028XX S DR MARTIN LUTHER KING JR DR,1154,DECEPTIVE PRACTICE,FINANCIAL IDENTITY THEFT $300 AND UNDER,APARTMENT,FALSE,FALSE,133,1,4,35,11,,,2009,08-08-2017 15:53,,,
11045983,JA380937,01-01-2015 12:00,013XX W 108TH PL,1153,DECEPTIVE PRACTICE,FINANCIAL IDENTITY THEFT OVER $ 300,RESIDENCE,FALSE,FALSE,2234,22,34,75,11,,,2015,08-08-2017 15:53,,,
11046208,JA381395,02/23/2015 12:01:00 AM,017XX W 106TH PL,1153,DECEPTIVE PRACTICE,FINANCIAL IDENTITY THEFT OVER $ 300,RESIDENCE,FALSE,TRUE,2212,22,19,72,11,,,2015,08-08-2017 15:53,,,
11046486,JA381629,07-07-2017 14:00,050XX S HERMITAGE AVE,1153,DECEPTIVE PRACTICE,FINANCIAL IDENTITY THEFT OVER $ 300,,FALSE,FALSE,931,9,16,61,11,,,2017,08-08-2017 15:53,,,
11046500,JA381584,07/30/2017 12:00:00 AM,012XX E 46TH ST,1320,CRIMINAL DAMAGE,TO VEHICLE,STREET,FALSE,FALSE,222,2,4,39,14,,,2017,08-08-2017 15:53,,,
11175609,JA537529,11/20/2017 06:20:00 PM,057XX S CICERO AVE,2091,NARCOTICS,FORFEIT PROPERTY,AIRPORT/AIRCRAFT,TRUE,FALSE,813,8,23,56,18,,,2017,03-03-2018 15:51,,,
11046665,JA381950,01-01-2009 00:00,032XX W 65TH ST,1562,SEX OFFENSE,AGG CRIMINAL SEXUAL ABUSE,RESIDENCE,FALSE,FALSE,831,8,17,66,17,,,2009,11-10-2018 16:02,,,
11047107,JA382265,04-03-2015 12:00,047XX S PRAIRIE AVE,1153,DECEPTIVE PRACTICE,FINANCIAL IDENTITY THEFT OVER $ 300,APARTMENT,FALSE,FALSE,224,2,3,38,11,,,2015,08-08-2017 15:53,,,
11244818,JB170715,12/29/2017 12:00:00 PM,036XX N LAKE SHORE DR,1120,DECEPTIVE PRACTICE,FORGERY,RESIDENCE,FALSE,FALSE,1925,19,46,6,10,,,2017,03-02-2018 15:54,,,
11645849,JC209353,11/27/2018 08:43:00 PM,0000X E CERMAK RD,2250,LIQUOR LAW VIOLATION,LIQUOR LICENSE VIOLATION,TAVERN/LIQUOR STORE,TRUE,FALSE,131,1,3,33,22,,,2018,04-09-2019 16:17,,,
9745335,HX369977,08-01-2014 19:42,001XX E 60TH ST,1821,NARCOTICS,MANU/DEL:CANNABIS 10GM OR LESS,SIDEWALK,TRUE,FALSE,311,3,20,40,18,,,2014,08-08-2017 15:52,,,
11445072,JB415614,08/30/2018 07:45:00 PM,031XX W HARRISON ST,2027,NARCOTICS,POSS: CRACK,POLICE FACILITY/VEH PARKING LOT,TRUE,FALSE,1134,11,24,27,18,,,2018,04/13/2019 03:55:48 PM,,,
10895018,HX258746,05-12-2014 12:55,041XX W ADAMS ST,1330,CRIMINAL TRESPASS,TO LAND,APARTMENT,FALSE,FALSE,1115,11,28,26,26,,,2014,08-09-2017 15:51,,,
10899182,HW182708,03-06-2013 14:15,002XX N PULASKI RD,1200,DECEPTIVE PRACTICE,STOLEN PROP: BUY/RECEIVE/POS.,SMALL RETAIL STORE,FALSE,FALSE,1122,11,28,26,13,,,2013,08-09-2017 15:51,,,
10230513,HY418041,09-10-2015 14:20,026XX N PULASKI RD,860,THEFT,RETAIL THEFT,DRUG STORE,FALSE,FALSE,2524,25,31,22,6,1149271,1917270,2015,02-10-2018 15:50,41.92891483,-87.72689623,"(41.92891483, -87.726896229)"
11244745,JB170604,08/17/2017 09:00:00 AM,064XX S DR MARTIN LUTHER KING JR DR,1153,DECEPTIVE PRACTICE,FINANCIAL IDENTITY THEFT OVER $ 300,ANIMAL HOSPITAL,FALSE,FALSE,312,3,20,69,11,,,2017,03-02-2018 15:54,,,
11450064,JB383147,08-07-2018 11:37,035XX W 16TH ST,2017,NARCOTICS,MANU/DELIVER:CRACK,VEHICLE NON-COMMERCIAL,TRUE,FALSE,1021,10,24,29,18,,,2018,04-09-2019 16:24,,,
11229791,JB150622,10/18/2017 09:00:00 AM,066XX S GREENWOOD AVE,1153,DECEPTIVE PRACTICE,FINANCIAL IDENTITY THEFT OVER $ 300,APARTMENT,FALSE,FALSE,321,3,5,42,11,,,2017,02/14/2018 03:52:17 PM,,,
11648713,JC216698,02/25/2017 06:00:00 PM,048XX N AVERS AVE,281,CRIM SEXUAL ASSAULT,NON-AGGRAVATED,RESIDENCE,FALSE,TRUE,1712,17,39,14,2,,,2017,04-09-2019 16:24,,,
11451058,JB397122,08/17/2018 10:15:00 AM,038XX W MONROE ST,2014,NARCOTICS,MANU/DELIVER: HEROIN (WHITE),VEHICLE NON-COMMERCIAL,TRUE,FALSE,1122,11,28,26,18,,,2018,04-09-2019 16:24,,,
10230580,HY418101,09-10-2015 14:55,049XX W BELMONT AVE,460,BATTERY,SIMPLE,STREET,FALSE,FALSE,2521,25,31,19,08B,1143018,1920825,2015,02-10-2018 15:50,41.93878916,-87.74978534,"(41.938789158, -87.749785342)"
11648406,JC215434,01-01-2017 00:01,031XX W 25TH ST,1752,OFFENSE INVOLVING CHILDREN,AGG CRIM SEX ABUSE FAM MEMBER,RESIDENCE,FALSE,TRUE,1033,10,12,30,17,,,2017,08-01-2019 16:12,,,
11648237,JC216157,01-01-2012 12:00,115XX S CAMPBELL AVE,1153,DECEPTIVE PRACTICE,FINANCIAL IDENTITY THEFT OVER $ 300,RESIDENCE,FALSE,FALSE,2212,22,19,75,11,,,2012,04-09-2019 16:24,,,
11229652,JB146448,01-01-2008 00:01,018XX N KEELER AVE,1754,OFFENSE INVOLVING CHILDREN,AGG SEX ASSLT OF CHILD FAM MBR,RESIDENCE,FALSE,FALSE,2534,25,30,20,2,,,2008,02/14/2018 03:52:17 PM,,,
11229887,JB150696,12-03-2017 19:00,009XX N CAMPBELL AVE,560,ASSAULT,SIMPLE,RESIDENCE,FALSE,FALSE,1212,12,1,24,08A,,,2017,02/14/2018 03:52:17 PM,,,
11448699,JB398659,08/18/2018 12:48:00 PM,003XX E 111TH ST,2014,NARCOTICS,MANU/DELIVER: HEROIN (WHITE),VEHICLE NON-COMMERCIAL,TRUE,FALSE,513,5,9,49,18,,,2018,04-09-2019 16:24,,,
11642699,JC209083,04-02-2019 11:44,016XX W LUNT AVE,820,THEFT,$500 AND UNDER,RESIDENCE PORCH/HALLWAY,FALSE,FALSE,2423,24,49,1,6,,,2019,04-09-2019 16:24,,,
11450076,JB389971,08-12-2018 09:21,001XX W 105TH ST,2017,NARCOTICS,MANU/DELIVER:CRACK,VEHICLE NON-COMMERCIAL,TRUE,FALSE,512,5,34,49,18,,,2018,04-09-2019 16:24,,,
11229724,JB150683,09/30/2017 06:00:00 PM,012XX W ALBION AVE,890,THEFT,FROM BUILDING,APARTMENT,FALSE,FALSE,2432,24,49,1,6,,,2017,02/14/2018 03:52:17 PM,,,
10230734,HY418489,09-10-2015 18:54,011XX S CALIFORNIA AVE,2092,NARCOTICS,SOLICIT NARCOTICS ON PUBLICWAY,SIDEWALK,TRUE,FALSE,1135,11,28,29,18,1157860,1895069,2015,02-10-2018 15:50,41.86782232,-87.69594039,"(41.867822323, -87.695940386)"
11648485,JC216504,11-01-2018 00:00,076XX S PAXTON AVE,1130,DECEPTIVE PRACTICE,FRAUD OR CONFIDENCE GAME,RESIDENCE,FALSE,FALSE,414,4,8,43,11,,,2018,04-09-2019 16:24,,,
11230118,JB151212,11/22/2017 09:08:00 PM,003XX W 79TH ST,1122,DECEPTIVE PRACTICE,COUNTERFEIT CHECK,CURRENCY EXCHANGE,TRUE,FALSE,623,6,17,44,10,,,2017,03-01-2018 15:52,,,
11229470,JB150351,12/26/2017 12:00:00 PM,061XX S KIMBARK AVE,1150,DECEPTIVE PRACTICE,CREDIT CARD FRAUD,APARTMENT,FALSE,FALSE,314,3,20,42,11,,,2017,02/14/2018 03:52:17 PM,,,
11451056,JB397165,08/17/2018 10:48:00 AM,040XX W WILCOX ST,2014,NARCOTICS,MANU/DELIVER: HEROIN (WHITE),SIDEWALK,TRUE,FALSE,1115,11,28,26,18,,,2018,04-09-2019 16:24,,,
11230062,JB150851,12-09-2017 23:59,024XX S ST LOUIS AVE,1563,SEX OFFENSE,CRIMINAL SEXUAL ABUSE,RESIDENCE,FALSE,FALSE,1024,10,22,30,17,,,2017,02/14/2018 03:52:17 PM,,,
11648819,JC216127,09/13/2016 09:55:00 AM,0000X N PARKSIDE AVE,1153,DECEPTIVE PRACTICE,FINANCIAL IDENTITY THEFT OVER $ 300,,FALSE,FALSE,1513,15,29,25,11,,,2016,04-09-2019 16:24,,,
10230829,HY418049,09-09-2015 06:00,054XX S WENTWORTH AVE,820,THEFT,$500 AND UNDER,PARK PROPERTY,FALSE,FALSE,225,2,3,37,6,1175887,1869033,2015,02-10-2018 15:50,41.79599104,-87.63054249,"(41.795991039, -87.630542489)"
11230302,JB151545,02/14/2017 12:01:00 AM,109XX S VERNON AVE,1154,DECEPTIVE PRACTICE,FINANCIAL IDENTITY THEFT $300 AND UNDER,RESIDENCE,FALSE,FALSE,513,5,9,49,11,,,2017,02/14/2018 03:52:17 PM,,,
11229896,JB150562,10-01-2017 12:00,005XX E 32ND ST,1153,DECEPTIVE PRACTICE,FINANCIAL IDENTITY THEFT OVER $ 300,RESIDENCE,FALSE,FALSE,211,2,4,35,11,,,2017,02/14/2018 03:52:17 PM,,,
11648597,JC216578,01-01-2012 00:00,071XX S LOWE AVE,1153,DECEPTIVE PRACTICE,FINANCIAL IDENTITY THEFT OVER $ 300,RESIDENCE,FALSE,FALSE,732,7,6,68,11,,,2012,04-09-2019 16:24,,,
11452223,JB388670,08-11-2018 09:09,010XX N DRAKE AVE,2014,NARCOTICS,MANU/DELIVER: HEROIN (WHITE),VACANT LOT/LAND,TRUE,FALSE,1121,11,27,23,18,,,2018,04-09-2019 16:24,,,
11449694,JB412372,08/28/2018 01:23:00 PM,094XX S LAFAYETTE AVE,2024,NARCOTICS,POSS: HEROIN(WHITE),ALLEY,TRUE,FALSE,634,6,21,49,18,,,2018,04/13/2019 03:55:48 PM,,,
11230012,JB151086,12-09-2017 18:30,078XX S EXCHANGE AVE,1206,DECEPTIVE PRACTICE,"THEFT BY LESSEE,MOTOR VEH",SMALL RETAIL STORE,FALSE,FALSE,421,4,7,43,11,,,2017,02/14/2018 03:52:17 PM,,,
11229972,JB150927,01/23/2018 10:26:00 PM,009XX W DIVERSEY PKWY,1152,DECEPTIVE PRACTICE,ILLEGAL USE CASH CARD,ATM (AUTOMATIC TELLER MACHINE),FALSE,FALSE,1935,19,43,7,11,,,2018,02/14/2018 03:52:17 PM,,,
11648221,JC216163,08/20/2018 12:00:00 PM,023XX W THOMAS ST,1153,DECEPTIVE PRACTICE,FINANCIAL IDENTITY THEFT OVER $ 300,APARTMENT,FALSE,FALSE,1212,12,1,24,11,,,2018,04-09-2019 16:24,,,
10230898,HY418621,09-10-2015 18:30,0000X E HUBBARD ST,460,BATTERY,SIMPLE,SIDEWALK,FALSE,FALSE,1834,18,42,8,08B,1176801,1903335,2015,02-10-2018 15:50,41.89009773,-87.62615509,"(41.890097727, -87.626155085)"
11451931,JB399933,08/19/2018 11:04:00 AM,111XX S EGGLESTON AVE,2017,NARCOTICS,MANU/DELIVER:CRACK,VEHICLE NON-COMMERCIAL,TRUE,FALSE,2233,22,34,49,18,,,2018,04-09-2019 16:24,,,
11648354,JC216274,01/31/2017 12:00:00 AM,070XX S FAIRFIELD AVE,1153,DECEPTIVE PRACTICE,FINANCIAL IDENTITY THEFT OVER $ 300,OTHER,FALSE,FALSE,831,8,17,66,11,,,2017,04-09-2019 16:24,,,
11229685,JB150530,01-01-2014 12:00,026XX W 15TH ST,1153,DECEPTIVE PRACTICE,FINANCIAL IDENTITY THEFT OVER $ 300,RESIDENCE,FALSE,FALSE,1023,10,28,29,11,,,2014,02/16/2018 03:51:14 PM,,,
11229815,JB150647,10-04-2017 00:01,012XX W VAN BUREN ST,1154,DECEPTIVE PRACTICE,FINANCIAL IDENTITY THEFT $300 AND UNDER,APARTMENT,FALSE,FALSE,1231,12,2,28,11,,,2017,02/14/2018 03:52:17 PM,,,
11649227,JC217417,12/26/2018 01:00:00 PM,073XX N RIDGE BLVD,810,THEFT,OVER $500,RESIDENCE,FALSE,FALSE,2424,24,49,1,6,,,2018,04-09-2019 16:24,,,
11451042,JB399926,08/19/2018 10:38:00 AM,046XX W ADAMS ST,2014,NARCOTICS,MANU/DELIVER: HEROIN (WHITE),VEHICLE NON-COMMERCIAL,TRUE,FALSE,1113,11,28,25,18,,,2018,04-09-2019 16:24,,,
11865717,JC478455,01-01-2009 15:00,086XX S SAGINAW AVE,1153,DECEPTIVE PRACTICE,FINANCIAL IDENTITY THEFT OVER $ 300,RESIDENCE,FALSE,FALSE,423,4,7,46,11,,,2009,10/20/2019 04:03:03 PM,,,
11229497,JB150308,12/29/2017 03:00:00 PM,030XX N HAMILTON AVE,1154,DECEPTIVE PRACTICE,FINANCIAL IDENTITY THEFT $300 AND UNDER,RESIDENCE,FALSE,FALSE,1931,19,32,5,11,,,2017,02/14/2018 03:52:17 PM,,,
11230193,JB151163,01-01-2014 00:01,054XX S CORNELL AVE,1153,DECEPTIVE PRACTICE,FINANCIAL IDENTITY THEFT OVER $ 300,RESIDENCE,FALSE,FALSE,234,2,5,41,11,,,2014,02/14/2018 03:52:17 PM,,,
11648818,JC216121,05-08-2016 09:45,0000X W 73RD ST,1153,DECEPTIVE PRACTICE,FINANCIAL IDENTITY THEFT OVER $ 300,,FALSE,FALSE,731,7,6,69,11,,,2016,04-09-2019 16:24,,,
11032940,JA365596,07-10-2009 09:00,038XX W HURON ST,1153,DECEPTIVE PRACTICE,FINANCIAL IDENTITY THEFT OVER $ 300,RESIDENCE,FALSE,FALSE,1122,11,27,23,11,,,2009,07/28/2017 03:47:55 PM,,,
11032965,JA365847,04/15/2015 09:00:00 AM,015XX W 117TH ST,1153,DECEPTIVE PRACTICE,FINANCIAL IDENTITY THEFT OVER $ 300,RESIDENCE,FALSE,FALSE,524,5,34,53,11,,,2015,07/28/2017 03:47:55 PM,,,
11648533,JC216495,09-01-2017 00:00,011XX S ALBANY AVE,1153,DECEPTIVE PRACTICE,FINANCIAL IDENTITY THEFT OVER $ 300,APARTMENT,FALSE,FALSE,1134,11,24,29,11,,,2017,04-09-2019 16:24,,,
11226269,JB145700,02-07-2018 18:00,016XX W GARFIELD BLVD,810,THEFT,OVER $500,CTA BUS,FALSE,FALSE,932,9,16,61,6,,,2018,02/14/2018 03:52:17 PM,,,
11033011,JA365922,01-01-2010 12:00,053XX S HARPER AVE,1154,DECEPTIVE PRACTICE,FINANCIAL IDENTITY THEFT $300 AND UNDER,APARTMENT,FALSE,FALSE,234,2,4,41,11,,,2010,07/28/2017 03:47:55 PM,,,
11229630,JB150531,03/15/2016 12:00:00 AM,020XX W CORTLAND ST,1154,DECEPTIVE PRACTICE,FINANCIAL IDENTITY THEFT $300 AND UNDER,RESIDENCE,FALSE,FALSE,1434,14,32,22,11,,,2016,02/14/2018 03:52:17 PM,,,
11648310,JC216054,02/21/2018 12:00:00 PM,017XX S STATE ST,1154,DECEPTIVE PRACTICE,FINANCIAL IDENTITY THEFT $300 AND UNDER,POLICE FACILITY/VEH PARKING LOT,FALSE,FALSE,131,1,3,33,11,,,2018,04-09-2019 16:24,,,
10231005,HY418763,09-11-2015 01:20,001XX W HURON ST,1150,DECEPTIVE PRACTICE,CREDIT CARD FRAUD,HOTEL/MOTEL,TRUE,FALSE,1832,18,42,8,11,1175253,1905045,2015,02/28/2019 04:02:38 PM,41.89482493,-87.63178864,"(41.894824927, -87.631788635)"
11449695,JB395814,08/16/2018 10:30:44 AM,109XX S WABASH AVE,2024,NARCOTICS,POSS: HEROIN(WHITE),RESIDENTIAL YARD (FRONT/BACK),TRUE,FALSE,513,5,9,49,18,,,2018,04-09-2019 16:24,,,
11033222,JA365934,05/26/2015 09:25:00 PM,069XX S SOUTH SHORE DR,1153,DECEPTIVE PRACTICE,FINANCIAL IDENTITY THEFT OVER $ 300,,FALSE,FALSE,331,3,5,43,11,,,2015,07/28/2017 03:47:55 PM,,,
11033227,JA365691,07-10-2017 18:15,021XX W CONCORD PL,820,THEFT,$500 AND UNDER,APARTMENT,FALSE,FALSE,1434,14,32,24,6,,,2017,07/28/2017 03:47:55 PM,,,
11229536,JB150371,06/30/2013 01:00:00 PM,060XX N AVONDALE AVE,820,THEFT,$500 AND UNDER,RESIDENCE,FALSE,FALSE,1612,16,41,10,6,,,2013,02/14/2018 03:52:17 PM,,,
11649199,JC217367,11/23/2018 08:00:00 AM,070XX N WESTERN AVE,1153,DECEPTIVE PRACTICE,FINANCIAL IDENTITY THEFT OVER $ 300,SMALL RETAIL STORE,FALSE,FALSE,2411,24,50,2,11,,,2018,04-09-2019 16:24,,,
11648806,JC216119,12-01-2013 09:20,001XX E MARQUETTE RD,1153,DECEPTIVE PRACTICE,FINANCIAL IDENTITY THEFT OVER $ 300,,FALSE,FALSE,322,3,6,69,11,,,2013,04-09-2019 16:24,,,
11229840,JB150864,05-01-2017 12:00,0000X E MONROE ST,620,BURGLARY,UNLAWFUL ENTRY,APARTMENT,FALSE,FALSE,112,1,42,32,5,,,2017,02/14/2018 03:52:17 PM,,,
11229533,JB150285,12-08-2017 09:00,050XX W HUTCHINSON ST,810,THEFT,OVER $500,RESIDENCE,FALSE,FALSE,1624,16,45,15,6,,,2017,02/14/2018 03:52:17 PM,,,
10231032,HY418708,09-11-2015 00:08,0000X E 79TH ST,143A,WEAPONS VIOLATION,UNLAWFUL POSS OF HANDGUN,STREET,TRUE,FALSE,623,6,6,44,15,1177763,1852641,2015,09/24/2015 07:50:13 PM,41.75096736,-87.62415881,"(41.750967358, -87.624158809)"
11229785,JB150818,12/28/2017 09:00:00 AM,073XX S DORCHESTER AVE,1120,DECEPTIVE PRACTICE,FORGERY,APARTMENT,FALSE,FALSE,324,3,5,43,10,,,2017,02/14/2018 03:52:17 PM,,,
11648910,JC216745,12/15/2018 10:00:00 AM,068XX W MEDILL AVE,1153,DECEPTIVE PRACTICE,FINANCIAL IDENTITY THEFT OVER $ 300,RESIDENCE,FALSE,FALSE,2512,25,36,18,11,,,2018,04-09-2019 16:24,,,
11451082,JB387494,08-10-2018 12:25,039XX W MONROE ST,2014,NARCOTICS,MANU/DELIVER: HEROIN (WHITE),SIDEWALK,TRUE,FALSE,1122,11,28,26,18,,,2018,04-09-2019 16:24,,,
11648366,JC216264,09-08-2016 16:00,026XX S HOMAN AVE,1562,SEX OFFENSE,AGG CRIMINAL SEXUAL ABUSE,RESIDENCE,FALSE,FALSE,1032,10,12,30,17,,,2016,04-09-2019 16:24,,,
11648505,JC216440,09-09-2018 09:00,012XX W BRYN MAWR AVE,2826,OTHER OFFENSE,HARASSMENT BY ELECTRONIC MEANS,APARTMENT,FALSE,TRUE,2013,20,48,77,26,,,2018,04-09-2019 16:24,,,
11451044,JB366445,07/26/2018 04:07:00 PM,016XX W MADISON ST,2027,NARCOTICS,POSS: CRACK,APARTMENT,TRUE,FALSE,1224,12,27,28,18,,,2018,04-09-2019 16:24,,,
11648817,JC216081,08/21/2018 09:00:00 AM,066XX S MOZART ST,1153,DECEPTIVE PRACTICE,FINANCIAL IDENTITY THEFT OVER $ 300,,FALSE,FALSE,831,8,17,66,11,,,2018,04-09-2019 16:24,,,
11244118,JB169797,12/23/2017 09:00:00 AM,006XX E 91ST PL,890,THEFT,FROM BUILDING,"SCHOOL, PUBLIC, BUILDING",FALSE,FALSE,633,6,6,44,6,,,2017,03-02-2018 15:54,,,
11244018,JB146470,01-01-2017 00:01,004XX N DRAKE AVE,1544,SEX OFFENSE,SEXUAL EXPLOITATION OF A CHILD,RESIDENCE,FALSE,FALSE,1123,11,27,23,17,,,2017,03-02-2018 15:54,,,
11648241,JC216160,07/25/2014 09:00:00 AM,040XX W 115TH ST,1153,DECEPTIVE PRACTICE,FINANCIAL IDENTITY THEFT OVER $ 300,APARTMENT,FALSE,FALSE,2211,22,19,74,11,,,2014,04-09-2019 16:24,,,
11648807,JC216267,04-01-2019 11:00,057XX S KIMBARK AVE,820,THEFT,$500 AND UNDER,RESIDENCE PORCH/HALLWAY,FALSE,FALSE,235,2,5,41,6,,,2019,04-09-2019 16:24,,,
10231535,HY419070,09-11-2015 06:00,062XX S DREXEL AVE,1320,CRIMINAL DAMAGE,TO VEHICLE,ALLEY,TRUE,FALSE,313,3,20,42,14,1183080,1863781,2015,02-10-2018 15:50,41.7814147,-87.60432891,"(41.781414696, -87.604328907)"
11244856,JB170697,12/30/2017 12:00:00 PM,037XX W 78TH ST,810,THEFT,OVER $500,RESIDENCE,FALSE,FALSE,833,8,18,70,6,,,2017,03-02-2018 15:54,,,
10231717,HY419255,09-11-2015 12:42,005XX W DIVERSEY PKWY,1130,DECEPTIVE PRACTICE,FRAUD OR CONFIDENCE GAME,SMALL RETAIL STORE,FALSE,FALSE,1935,19,43,7,11,1172060,1918871,2015,02-10-2018 15:50,41.93283521,-87.64310689,"(41.932835209, -87.643106886)"
11244257,JB169993,01-01-2017 00:01,056XX S SAWYER AVE,1753,OFFENSE INVOLVING CHILDREN,SEX ASSLT OF CHILD BY FAM MBR,RESIDENCE,FALSE,TRUE,822,8,14,63,2,,,2017,04/18/2018 03:52:37 PM,,,
10231817,HY419029,09-10-2015 21:00,032XX N CENTRAL AVE,810,THEFT,OVER $500,PARKING LOT/GARAGE(NON.RESID.),FALSE,FALSE,1633,16,38,15,6,1138455,1921199,2015,02-10-2018 15:50,41.93989946,-87.76654665,"(41.939899462, -87.766546647)"
10985237,JA311015,06/27/2011 12:00:00 AM,004XX E SOUTH WATER ST,1753,OFFENSE INVOLVING CHILDREN,SEX ASSLT OF CHILD BY FAM MBR,RESIDENCE,FALSE,TRUE,114,1,42,32,2,,,2011,04-10-2019 16:14,,,
11196021,JA549980,12/15/2017 06:15:00 AM,037XX W CERMAK RD,2022,NARCOTICS,POSS: COCAINE,VEHICLE NON-COMMERCIAL,TRUE,FALSE,1014,10,24,29,18,,,2017,03-03-2018 15:51,,,
11027485,JA358748,11/15/2007 12:00:00 AM,115XX S WENTWORTH AVE,1153,DECEPTIVE PRACTICE,FINANCIAL IDENTITY THEFT OVER $ 300,RESIDENCE,FALSE,FALSE,522,5,34,53,11,,,2007,07/29/2017 03:56:00 PM,,,
11043834,JA377958,08-02-2017 06:02,004XX W ALDINE AVE,1153,DECEPTIVE PRACTICE,FINANCIAL IDENTITY THEFT OVER $ 300,,FALSE,FALSE,1925,19,44,6,11,,,2017,08-09-2017 15:51,,,
11244267,JB169907,01-01-2017 00:01,009XX N SACRAMENTO BLVD,1562,SEX OFFENSE,AGG CRIMINAL SEXUAL ABUSE,RESIDENCE,FALSE,FALSE,1211,12,26,23,17,,,2017,03/21/2018 03:58:51 PM,,,
11244015,JB169634,12/25/2017 02:30:00 PM,020XX W MONTROSE AVE,560,ASSAULT,SIMPLE,STREET,FALSE,FALSE,1911,19,47,5,08A,,,2017,03-02-2018 15:54,,,
11174648,JA529390,11/29/2017 10:00:00 AM,033XX W FILLMORE ST,2093,NARCOTICS,FOUND SUSPECT NARCOTICS,POLICE FACILITY/VEH PARKING LOT,TRUE,FALSE,1134,11,24,29,18,,,2017,03-03-2018 15:51,,,
5253983,HM665450,10/17/2006 01:05:00 PM,052XX W HURON ST,2017,NARCOTICS,MANU/DELIVER:CRACK,STREET,TRUE,FALSE,1524,15,28,25,18,,,2006,08/17/2015 03:03:40 PM,,,
11244245,JB167262,10-10-2017 19:27,085XX S CARPENTER ST,820,THEFT,$500 AND UNDER,RESIDENCE,FALSE,FALSE,613,6,21,71,6,,,2017,03-02-2018 15:54,,,
11047604,JA382838,01-01-2009 00:00,029XX S STATE ST,1153,DECEPTIVE PRACTICE,FINANCIAL IDENTITY THEFT OVER $ 300,RESIDENCE,FALSE,FALSE,133,1,3,35,11,,,2009,08-09-2017 15:51,,,
5145265,HM742840,10-01-2005 09:00,035XX W CERMAK RD,810,THEFT,OVER $500,OTHER,TRUE,FALSE,1024,10,22,30,6,,,2005,08/17/2015 03:03:40 PM,,,
11244429,JB169551,12-05-2017 11:10,004XX W 97th st,820,THEFT,$500 AND UNDER,DRIVEWAY - RESIDENTIAL,FALSE,FALSE,2223,22,21,73,6,,,2017,03-02-2018 15:54,,,
11047839,JA382325,07/13/2011 09:00:00 PM,002XX E ONTARIO ST,1153,DECEPTIVE PRACTICE,FINANCIAL IDENTITY THEFT OVER $ 300,,FALSE,FALSE,1834,18,42,8,11,,,2011,08-09-2017 15:51,,,
11244829,JB170752,12/19/2017 05:00:00 PM,016XX S KOSTNER AVE,320,ROBBERY,STRONGARM - NO WEAPON,STREET,FALSE,FALSE,1012,10,24,29,3,,,2017,03-02-2018 15:54,,,
11047886,JA382230,07/27/2017 07:25:00 PM,028XX N CAMBRIDGE AVE,890,THEFT,FROM BUILDING,APARTMENT,FALSE,FALSE,1934,19,44,6,6,,,2017,08-09-2017 15:51,,,
11047889,JA382790,08-08-2014 08:55,045XX W ROOSEVELT RD,1153,DECEPTIVE PRACTICE,FINANCIAL IDENTITY THEFT OVER $ 300,,FALSE,FALSE,1131,11,24,29,11,,,2014,08-09-2017 15:51,,,
11048254,JA383607,07-06-2015 12:00,009XX W 54TH PL,1153,DECEPTIVE PRACTICE,FINANCIAL IDENTITY THEFT OVER $ 300,RESIDENCE,FALSE,FALSE,934,9,20,61,11,,,2015,08-09-2017 15:51,,,
11244851,JB170705,03-01-2014 00:01,021XX N KARLOV AVE,281,CRIM SEXUAL ASSAULT,NON-AGGRAVATED,RESIDENCE,TRUE,FALSE,2525,25,30,20,2,,,2014,06-07-2018 15:52,,,
10898807,HV349976,06-06-2012 13:30,006XX E 60TH ST,143A,WEAPONS VIOLATION,UNLAWFUL POSS OF HANDGUN,RESIDENCE-GARAGE,FALSE,FALSE,313,3,20,42,15,,,2012,08-10-2017 15:56,,,
10232007,HY419558,09-11-2015 17:35,066XX S ELLIS AVE,1310,CRIMINAL DAMAGE,TO PROPERTY,APARTMENT,FALSE,FALSE,321,3,5,42,14,1184031,1861168,2015,02-10-2018 15:50,41.77422221,-87.60092396,"(41.774222211, -87.600923958)"
11195890,JA558521,12/21/2017 02:18:00 PM,062XX N ARTESIAN AVE,2031,NARCOTICS,POSS: METHAMPHETAMINES,RESIDENCE,TRUE,FALSE,2413,24,50,2,18,,,2017,03-03-2018 15:51,,,
10232047,HY419516,09-11-2015 15:15,058XX N BROADWAY,560,ASSAULT,SIMPLE,APARTMENT,FALSE,FALSE,2022,20,48,77,08A,1167249,1938959,2015,02-10-2018 15:50,41.98806236,-87.66020685,"(41.988062359, -87.660206851)"
11243959,JB169577,01-01-2016 00:01,033XX N KILPATRICK AVE,1153,DECEPTIVE PRACTICE,FINANCIAL IDENTITY THEFT OVER $ 300,RESIDENCE,FALSE,FALSE,1731,17,30,15,11,,,2016,03-02-2018 15:54,,,
11244539,JB170384,12-02-2017 22:50,027XX W PRATT BLVD,2826,OTHER OFFENSE,HARASSMENT BY ELECTRONIC MEANS,OTHER,FALSE,TRUE,2411,24,50,2,26,,,2017,03-02-2018 15:54,,,
10232088,HY419610,09-11-2015 18:15,069XX S ABERDEEN ST,031A,ROBBERY,ARMED: HANDGUN,RESIDENCE,FALSE,FALSE,733,7,17,68,3,1170180,1858799,2015,02-10-2018 15:50,41.76803386,-87.6517678,"(41.76803386, -87.6517678)"
11175411,JA538872,12-06-2017 12:00,006XX W OHARE ST,1812,NARCOTICS,POSS: CANNABIS MORE THAN 30GMS,GOVERNMENT BUILDING/PROPERTY,TRUE,FALSE,1654,16,41,76,18,,,2017,03-03-2018 15:51,,,
11244431,JB169544,03-01-2016 07:40,021XX N KARLOV AVE,1153,DECEPTIVE PRACTICE,FINANCIAL IDENTITY THEFT OVER $ 300,,FALSE,FALSE,2525,25,30,20,11,,,2016,03-02-2018 15:54,,,
11244068,JB169739,12-03-2017 15:00,001XX W WASHINGTON ST,910,MOTOR VEHICLE THEFT,AUTOMOBILE,PARKING LOT/GARAGE(NON.RESID.),FALSE,FALSE,122,1,42,32,7,,,2017,03-02-2018 15:54,,,
11244768,JB382352,08-08-2017 09:19,0000X W TERMINAL ST,5001,OTHER OFFENSE,OTHER CRIME INVOLVING PROPERTY,AIRPORT TERMINAL UPPER LEVEL - NON-SECURE AREA,FALSE,FALSE,1653,16,41,76,26,,,2017,03-02-2018 15:54,,,
11863860,JC476294,10-06-2019 21:46,075XX S PAXTON AVE,1150,DECEPTIVE PRACTICE,CREDIT CARD FRAUD,RESIDENCE,FALSE,FALSE,414,4,7,43,11,1192180,1855367,2019,10/20/2019 03:56:02 PM,41.7581095,-87.57124014,"(41.758109495, -87.571240136)"
11226960,JB146657,02-08-2018 22:00,008XX W RANDOLPH ST,1305,CRIMINAL DAMAGE,CRIMINAL DEFACEMENT,CONSTRUCTION SITE,FALSE,FALSE,1224,12,27,28,14,,,2018,02/15/2018 03:50:23 PM,,,
11243966,JB169630,05-01-2017 09:00,048XX W CONCORD PL,1153,DECEPTIVE PRACTICE,FINANCIAL IDENTITY THEFT OVER $ 300,APARTMENT,FALSE,FALSE,2533,25,37,25,11,,,2017,03-02-2018 15:54,,,
10232195,HY419835,09-11-2015 22:17,055XX S ASHLAND AVE,486,BATTERY,DOMESTIC BATTERY SIMPLE,SIDEWALK,TRUE,FALSE,713,7,16,67,08B,1166617,1867978,2015,02-10-2018 15:50,41.79329893,-87.66456619,"(41.79329893, -87.66456619)"
11244270,JB166201,01-01-2017 00:01,0000X N PARKSIDE AVE,1752,OFFENSE INVOLVING CHILDREN,AGG CRIM SEX ABUSE FAM MEMBER,RESIDENCE,FALSE,FALSE,1513,15,29,25,17,,,2017,05-10-2019 16:10,,,
5741943,HN549294,08/25/2007 09:22:18 AM,074XX N ROGERS AVE,560,ASSAULT,SIMPLE,OTHER,FALSE,FALSE,2422,24,49,1,08A,,,2007,08/17/2015 03:03:40 PM,,,
11230526,JB151836,04-11-2016 12:00,048XX N KEDZIE AVE,1152,DECEPTIVE PRACTICE,ILLEGAL USE CASH CARD,BANK,FALSE,FALSE,1713,17,33,14,11,,,2016,02/15/2018 03:50:23 PM,,,
10232319,HY420070,09-12-2015 01:41,042XX W BARRY AVE,5130,OTHER OFFENSE,VIOLENT OFFENDER: DUTY TO REGISTER,STREET,FALSE,FALSE,2523,25,31,20,26,1147095,1920265,2015,02-10-2018 15:50,41.93717534,-87.73481558,"(41.937175335, -87.734815575)"
11230563,JB151860,08-01-2016 00:00,004XX W 99TH PL,1154,DECEPTIVE PRACTICE,FINANCIAL IDENTITY THEFT $300 AND UNDER,RESIDENCE,FALSE,FALSE,2232,22,9,73,11,,,2016,02/15/2018 03:50:23 PM,,,
10232339,HY420049,09-12-2015 02:53,038XX W MONROE ST,041A,BATTERY,AGGRAVATED: HANDGUN,RESIDENCE,FALSE,FALSE,1122,11,28,26,04B,1150823,1899387,2015,02-10-2018 15:50,41.87981187,-87.72166166,"(41.879811873, -87.721661659)"
11230662,JB151858,04/22/2017 12:01:00 AM,091XX S COLFAX AVE,1153,DECEPTIVE PRACTICE,FINANCIAL IDENTITY THEFT OVER $ 300,RESIDENCE,FALSE,FALSE,423,4,7,48,11,,,2017,02/15/2018 03:50:23 PM,,,
11230885,JB152058,01/20/2018 12:00:00 PM,070XX N SHERIDAN RD,890,THEFT,FROM BUILDING,APARTMENT,FALSE,FALSE,2423,24,49,1,6,,,2018,02/15/2018 03:50:23 PM,,,
11230751,JB151826,04-01-2017 00:00,024XX N GENEVA TER,1310,CRIMINAL DAMAGE,TO PROPERTY,RESIDENCE-GARAGE,FALSE,FALSE,1935,19,43,7,14,,,2017,02/15/2018 03:50:23 PM,,,
11032713,JA365235,09-10-2006 17:00,037XX W 55TH PL,1753,OFFENSE INVOLVING CHILDREN,SEX ASSLT OF CHILD BY FAM MBR,RESIDENCE,FALSE,FALSE,822,8,23,62,2,,,2006,07/29/2017 03:56:00 PM,,,
11032914,JA365404,07/26/2003 12:00:00 PM,040XX N LINCOLN AVE,1155,DECEPTIVE PRACTICE,AGGRAVATED FINANCIAL IDENTITY THEFT,BANK,FALSE,FALSE,1911,19,47,5,11,,,2003,07/29/2017 03:56:00 PM,,,
11033829,JA366883,08-01-2011 15:00,016XX W 106TH ST,1154,DECEPTIVE PRACTICE,FINANCIAL IDENTITY THEFT $300 AND UNDER,RESIDENCE,FALSE,FALSE,2212,22,19,72,11,,,2011,07/29/2017 03:56:00 PM,,,
11230834,JB152295,11/28/2017 12:59:00 PM,032XX W BELMONT AVE,1153,DECEPTIVE PRACTICE,FINANCIAL IDENTITY THEFT OVER $ 300,DEPARTMENT STORE,FALSE,FALSE,1733,17,35,21,11,,,2017,02/15/2018 03:50:23 PM,,,
11034262,JA363091,08-01-2015 12:00,055XX S WABASH AVE,1153,DECEPTIVE PRACTICE,FINANCIAL IDENTITY THEFT OVER $ 300,OTHER,FALSE,FALSE,225,2,20,40,11,,,2015,07/29/2017 03:56:00 PM,,,
10892876,HX190994,03/19/2014 10:00:00 AM,024XX S ST LOUIS AVE,2050,NARCOTICS,CRIMINAL DRUG CONSPIRACY,STREET,TRUE,FALSE,1024,10,22,30,18,,,2014,07/29/2017 03:52:50 PM,,,
10892948,HX543469,12/15/2014 04:58:00 PM,038XX W MONROE ST,2017,NARCOTICS,MANU/DELIVER:CRACK,VEHICLE NON-COMMERCIAL,TRUE,FALSE,1122,11,28,26,18,,,2014,07/29/2017 03:52:50 PM,,,
11230413,JB151639,12/20/2017 09:00:00 AM,026XX E 78TH ST,610,BURGLARY,FORCIBLE ENTRY,RESIDENCE,FALSE,FALSE,421,4,7,43,5,,,2017,02/15/2018 03:50:23 PM,,,
10917208,HW311596,06-09-2013 16:45,033XX W JACKSON BLVD,2017,NARCOTICS,MANU/DELIVER:CRACK,VEHICLE NON-COMMERCIAL,TRUE,FALSE,1134,11,28,27,18,,,2013,07/29/2017 03:52:50 PM,,,
11859643,JC471456,10/13/2019 05:31:00 PM,047XX W MONROE ST,141C,WEAPONS VIOLATION,UNLAWFUL USE OTHER DANG WEAPON,SIDEWALK,TRUE,FALSE,1113,11,28,25,15,1144756,1899145,2019,10/20/2019 04:03:03 PM,41.87926429,-87.7439452,"(41.87926429, -87.743945195)"
11230474,JB151737,01-03-2017 12:00,098XX S AVENUE H,1153,DECEPTIVE PRACTICE,FINANCIAL IDENTITY THEFT OVER $ 300,RESIDENCE,FALSE,FALSE,432,4,10,52,11,,,2017,02/15/2018 03:50:23 PM,,,
11033040,JA365661,03/22/2012 12:01:00 AM,005XX W 14TH PL,1120,DECEPTIVE PRACTICE,FORGERY,BANK,FALSE,FALSE,124,1,2,28,10,,,2012,07/29/2017 03:52:50 PM,,,
11231208,JB151691,12/30/2017 01:11:00 PM,008XX N CICERO AVE,1150,DECEPTIVE PRACTICE,CREDIT CARD FRAUD,OTHER,FALSE,FALSE,1111,11,37,25,11,,,2017,02/15/2018 03:50:23 PM,,,
11230745,JB151790,04-01-2017 00:00,024XX N GENEVA TER,1310,CRIMINAL DAMAGE,TO PROPERTY,RESIDENCE,FALSE,FALSE,1935,19,43,7,14,,,2017,02/15/2018 03:50:23 PM,,,
11230881,JB152344,06/23/2014 12:00:00 AM,011XX W 112TH PL,1153,DECEPTIVE PRACTICE,FINANCIAL IDENTITY THEFT OVER $ 300,,FALSE,FALSE,2234,22,34,75,11,,,2014,02/15/2018 03:50:23 PM,,,
6100076,HP196422,02/26/2008 12:00:00 AM,075XX N OAKLEY AVE,910,MOTOR VEHICLE THEFT,AUTOMOBILE,STREET,FALSE,FALSE,2411,24,49,2,7,,,2008,08/17/2015 03:03:40 PM,,,
11230791,JB152149,10/14/2017 02:00:00 PM,081XX S ALBANY AVE,910,MOTOR VEHICLE THEFT,AUTOMOBILE,SPORTS ARENA/STADIUM,FALSE,FALSE,835,8,18,70,7,,,2017,02/15/2018 03:50:23 PM,,,
11156506,JA487872,10/20/2017 03:00:00 PM,100XX W OHARE ST,2091,NARCOTICS,FORFEIT PROPERTY,AIRPORT/AIRCRAFT,TRUE,FALSE,1651,16,41,76,18,,,2017,02/17/2018 03:52:55 PM,,,
10232613,HY420540,09-09-2015 18:00,016XX N HOYNE AVE,820,THEFT,$500 AND UNDER,RESIDENCE-GARAGE,FALSE,FALSE,1434,14,32,24,6,1162085,1910717,2015,02-10-2018 15:50,41.9106746,-87.67999226,"(41.910674599, -87.679992255)"
11230877,JB152189,03/15/2016 01:25:00 PM,020XX W CORTLAND ST,1154,DECEPTIVE PRACTICE,FINANCIAL IDENTITY THEFT $300 AND UNDER,,FALSE,FALSE,1434,14,32,22,11,,,2016,02/15/2018 03:50:23 PM,,,
11226268,JB145778,02-08-2018 00:01,035XX N PINE GROVE AVE,1310,CRIMINAL DAMAGE,TO PROPERTY,RESIDENCE,FALSE,FALSE,1925,19,46,6,14,,,2018,02/15/2018 03:50:23 PM,,,
11230889,JB152026,03/22/2017 09:28:00 PM,078XX S MARSHFIELD AVE,1153,DECEPTIVE PRACTICE,FINANCIAL IDENTITY THEFT OVER $ 300,,FALSE,FALSE,611,6,17,71,11,,,2017,02/15/2018 03:50:23 PM,,,
10232758,HY420768,09-12-2015 18:00,067XX S OGLESBY AVE,560,ASSAULT,SIMPLE,RESIDENCE PORCH/HALLWAY,FALSE,FALSE,331,3,5,43,08A,1192924,1860831,2015,02-10-2018 15:50,41.77308501,-87.56833541,"(41.773085006, -87.568335406)"
10232777,HY419847,09-11-2015 22:05,061XX N HOYNE AVE,486,BATTERY,DOMESTIC BATTERY SIMPLE,APARTMENT,FALSE,TRUE,2413,24,40,2,08B,1161209,1940913,2015,02-10-2018 15:50,41.99355232,-87.68236779,"(41.99355232, -87.682367785)"
10232800,HY420842,07/20/2015 12:00:00 AM,042XX W HADDON AVE,820,THEFT,$500 AND UNDER,STREET,FALSE,FALSE,1111,11,37,23,6,1147921,1907330,2015,02-10-2018 15:50,41.9016646,-87.73211315,"(41.901664595, -87.732113146)"
10232806,HY419685,09-11-2015 19:00,075XX S STONY ISLAND AVE,545,ASSAULT,PRO EMP HANDS NO/MIN INJURY,HOSPITAL BUILDING/GROUNDS,FALSE,FALSE,411,4,8,43,08A,1188234,1855158,2015,02-10-2018 15:50,41.757631,-87.58570825,"(41.757630995, -87.585708249)"
10232816,HY420835,09-12-2015 13:15,021XX N CLARK ST,820,THEFT,$500 AND UNDER,PARKING LOT/GARAGE(NON.RESID.),FALSE,FALSE,1814,18,43,7,6,1173630,1914431,2015,02-10-2018 15:50,41.92061684,-87.63746976,"(41.92061684, -87.637469755)"
10232830,HY420858,09-12-2015 13:15,021XX N CLARK ST,820,THEFT,$500 AND UNDER,PARKING LOT/GARAGE(NON.RESID.),FALSE,FALSE,1814,18,43,7,6,1173630,1914431,2015,02-10-2018 15:50,41.92061684,-87.63746976,"(41.92061684, -87.637469755)"
11230521,JB150939,07/20/2016 08:00:00 AM,021XX W 50TH ST,1153,DECEPTIVE PRACTICE,FINANCIAL IDENTITY THEFT OVER $ 300,RESIDENCE,FALSE,FALSE,931,9,16,61,11,,,2016,02/15/2018 03:50:23 PM,,,
11042749,JA376537,08-03-2017 21:00,003XX E RANDOLPH ST,810,THEFT,OVER $500,OTHER,FALSE,FALSE,114,1,42,32,6,,,2017,08-10-2017 15:56,,,
11042753,JA376532,08-03-2017 16:00,017XX N WESTERN AVE,820,THEFT,$500 AND UNDER,APARTMENT,FALSE,FALSE,1434,14,1,24,6,,,2017,08-10-2017 15:56,,,
10232856,HY420840,09-12-2015 18:46,028XX W 61ST ST,454,BATTERY,AGG PO HANDS NO/MIN INJURY,SIDEWALK,TRUE,FALSE,823,8,15,66,08B,1158648,1864075,2015,02-10-2018 15:50,41.78275496,-87.69389436,"(41.782754956, -87.693894356)"
11230884,JB152020,04/20/2016 01:10:00 PM,015XX E 69TH ST,1153,DECEPTIVE PRACTICE,FINANCIAL IDENTITY THEFT OVER $ 300,,FALSE,FALSE,332,3,5,43,11,,,2016,02/15/2018 03:50:23 PM,,,
11230736,JB151816,09-01-2016 00:00,024XX N GENEVA TER,1310,CRIMINAL DAMAGE,TO PROPERTY,RESIDENCE-GARAGE,FALSE,FALSE,1935,19,43,7,14,,,2016,02/15/2018 03:50:23 PM,,,
11649962,JC218252,01/16/2018 10:25:00 AM,087XX S BISHOP ST,1153,DECEPTIVE PRACTICE,FINANCIAL IDENTITY THEFT OVER $ 300,,FALSE,FALSE,2222,22,21,71,11,,,2018,04-10-2019 16:14,,,
11231204,JB152754,11/27/2017 08:00:00 AM,001XX W NORTH AVE,1153,DECEPTIVE PRACTICE,FINANCIAL IDENTITY THEFT OVER $ 300,DEPARTMENT STORE,FALSE,FALSE,1821,18,42,8,11,,,2017,02/15/2018 03:50:23 PM,,,
11043831,JA378048,08-03-2017 17:15,003XX W RANDOLPH ST,870,THEFT,POCKET-PICKING,PARK PROPERTY,FALSE,FALSE,122,1,42,32,6,,,2017,08-10-2017 15:56,,,
11043833,JA377940,08-03-2017 01:44,004XX N STATE ST,810,THEFT,OVER $500,SIDEWALK,FALSE,FALSE,1831,18,42,8,6,,,2017,08-10-2017 15:56,,,
11449710,JB330494,07-01-2018 11:05,043XX W MONROE ST,2014,NARCOTICS,MANU/DELIVER: HEROIN (WHITE),SIDEWALK,TRUE,FALSE,1115,11,28,26,18,,,2018,04/13/2019 03:55:48 PM,,,
10232921,HY420828,09-12-2015 18:00,016XX E 79TH ST,552,ASSAULT,AGGRAVATED PO:KNIFE/CUT INSTR,OTHER,TRUE,FALSE,414,4,8,43,04A,1188721,1852930,2015,02-10-2018 15:50,41.75150553,-87.5839946,"(41.751505533, -87.583994603)"
11043848,JA378020,08-03-2017 21:30,003XX W RANDOLPH ST,870,THEFT,POCKET-PICKING,PARK PROPERTY,FALSE,FALSE,122,1,42,32,6,,,2017,08-10-2017 15:56,,,
11230401,JB151630,01/26/2017 10:00:00 AM,076XX S CICERO AVE,1150,DECEPTIVE PRACTICE,CREDIT CARD FRAUD,DEPARTMENT STORE,FALSE,FALSE,833,8,13,65,11,,,2017,02/15/2018 03:50:23 PM,,,
11230626,JA569327,12/31/2017 08:15:00 PM,042XX S WABASH AVE,910,MOTOR VEHICLE THEFT,AUTOMOBILE,STREET,FALSE,FALSE,213,2,3,38,7,,,2017,02/15/2018 03:50:23 PM,,,
11045365,JA376760,08-03-2017 18:30,033XX N KENMORE AVE,1360,CRIMINAL TRESPASS,TO VEHICLE,ALLEY,FALSE,FALSE,1924,19,44,6,26,,,2017,08-10-2017 15:56,,,
11230838,JB152123,07-07-2017 20:30,066XX S WESTERN AVE,1130,DECEPTIVE PRACTICE,FRAUD OR CONFIDENCE GAME,AUTO / BOAT / RV DEALERSHIP,FALSE,FALSE,832,8,15,66,11,,,2017,02/15/2018 03:50:23 PM,,,
11244255,JB169720,01-01-2012 00:01,019XX N LA CROSSE AVE,1562,SEX OFFENSE,AGG CRIMINAL SEXUAL ABUSE,APARTMENT,FALSE,FALSE,2533,25,31,19,17,,,2012,03-02-2018 15:54,,,
11866059,JC478759,09/24/2019 09:20:00 PM,014XX W Estes Ave,820,THEFT,$500 AND UNDER,RESIDENTIAL YARD (FRONT/BACK),FALSE,FALSE,2423,24,49,1,6,,,2019,10/20/2019 04:03:03 PM,,,
6400477,HP485201,07/31/2008 04:30:00 AM,078XX S UNION AVE,041A,BATTERY,AGGRAVATED: HANDGUN,SIDEWALK,FALSE,FALSE,621,6,17,71,04B,,,2008,08/17/2015 03:03:40 PM,,,
11244456,JB170167,06-01-2014 12:00,002XX E RANDOLPH ST,1153,DECEPTIVE PRACTICE,FINANCIAL IDENTITY THEFT OVER $ 300,OTHER,FALSE,FALSE,114,1,42,32,11,,,2014,03-02-2018 15:54,,,
11048532,JA384022,01-01-2014 12:00,005XX S DEARBORN ST,1153,DECEPTIVE PRACTICE,FINANCIAL IDENTITY THEFT OVER $ 300,OTHER,FALSE,FALSE,123,1,2,32,11,,,2014,08-10-2017 15:56,,,
11048700,JA384068,11-11-2014 00:01,003XX E 25TH ST,1153,DECEPTIVE PRACTICE,FINANCIAL IDENTITY THEFT OVER $ 300,RESIDENCE,FALSE,FALSE,133,1,2,33,11,,,2014,08-10-2017 15:56,,,
6421103,HP505515,08-08-2008 23:00,065XX N NASHVILLE AVE,1320,CRIMINAL DAMAGE,TO VEHICLE,STREET,FALSE,FALSE,1611,16,41,10,14,,,2008,08/17/2015 03:03:40 PM,,,
11048874,JA384134,01/24/2015 12:00:00 PM,061XX W MONTROSE AVE,1153,DECEPTIVE PRACTICE,FINANCIAL IDENTITY THEFT OVER $ 300,APARTMENT,FALSE,FALSE,1622,16,38,15,11,,,2015,08-10-2017 15:56,,,
11649438,JC217626,12-01-2018 10:00,0000X W HUBBARD ST,1140,DECEPTIVE PRACTICE,EMBEZZLEMENT,COMMERCIAL / BUSINESS OFFICE,FALSE,FALSE,1831,18,42,8,12,,,2018,04-10-2019 16:14,,,
10477655,HZ212194,04-03-2016 19:45,063XX S SACRAMENTO AVE,2017,NARCOTICS,MANU/DELIVER:CRACK,VEHICLE NON-COMMERCIAL,TRUE,FALSE,823,8,15,66,18,,,2016,03-03-2018 15:51,,,
11170974,JA536059,12-04-2017 12:00,033XX W FILLMORE ST,2093,NARCOTICS,FOUND SUSPECT NARCOTICS,POLICE FACILITY/VEH PARKING LOT,TRUE,FALSE,1134,11,24,29,18,,,2017,03-03-2018 15:51,,,
11174646,JA529447,11/29/2017 10:45:00 AM,033XX W FILLMORE ST,2093,NARCOTICS,FOUND SUSPECT NARCOTICS,POLICE FACILITY/VEH PARKING LOT,TRUE,FALSE,1134,11,24,29,18,,,2017,03-03-2018 15:51,,,
11175565,JA539510,12-06-2017 17:34,053XX S HONORE ST,2024,NARCOTICS,POSS: HEROIN(WHITE),APARTMENT,TRUE,FALSE,932,9,16,61,18,,,2017,03-03-2018 15:51,,,
11195880,JA557743,12/21/2017 06:00:00 AM,006XX W OHARE ST,2031,NARCOTICS,POSS: METHAMPHETAMINES,GOVERNMENT BUILDING/PROPERTY,TRUE,FALSE,1654,16,41,76,18,,,2017,03-03-2018 15:51,,,
11196013,JA542630,12-09-2017 10:04,002XX N ST LOUIS AVE,2014,NARCOTICS,MANU/DELIVER: HEROIN (WHITE),VEHICLE NON-COMMERCIAL,TRUE,FALSE,1123,11,28,27,18,,,2017,03-03-2018 15:51,,,
11003019,JA331123,07-02-2017 04:01,005XX W IOWA ST,1350,CRIMINAL TRESPASS,TO STATE SUP LAND,CHA PARKING LOT/GROUNDS,TRUE,FALSE,1823,18,27,8,26,,,2017,04-10-2019 16:14,,,
11450011,JB389972,08-12-2018 09:00,105XX S LAFAYETTE AVE,2014,NARCOTICS,MANU/DELIVER: HEROIN (WHITE),VEHICLE NON-COMMERCIAL,TRUE,FALSE,512,5,34,49,18,,,2018,04/13/2019 03:55:48 PM,,,
11649963,JC217297,02/25/2019 09:00:00 AM,009XX N Racine Ave,1153,DECEPTIVE PRACTICE,FINANCIAL IDENTITY THEFT OVER $ 300,,FALSE,FALSE,1213,12,27,24,11,,,2019,04-10-2019 16:14,,,
10233115,HY421228,09-12-2015 20:00,078XX S ADA ST,1310,CRIMINAL DAMAGE,TO PROPERTY,RESIDENCE,FALSE,FALSE,612,6,17,71,14,1168799,1852878,2015,02-10-2018 15:50,41.75181577,-87.65700044,"(41.751815774, -87.657000438)"
10233134,HY421245,09-12-2015 23:30,111XX S CHAMPLAIN AVE,486,BATTERY,DOMESTIC BATTERY SIMPLE,RESIDENCE,FALSE,TRUE,531,5,9,50,08B,1182573,1831252,2015,02-10-2018 15:50,41.69216321,-87.60719388,"(41.692163212, -87.607193879)"
11864422,JC476033,10/13/2019 03:01:00 AM,0000X W HURON ST,810,THEFT,OVER $500,RESIDENCE,FALSE,FALSE,1832,18,2,8,6,1175614,1905055,2019,10/20/2019 04:03:03 PM,41.89484426,-87.6304625,"(41.89484426, -87.630462495)"
6534949,HP599238,09/23/2008 06:30:00 AM,039XX S ROCKWELL ST,820,THEFT,$500 AND UNDER,STREET,FALSE,FALSE,912,9,12,58,6,,,2008,08/17/2015 03:03:40 PM,,,
10233174,HY421252,09/13/2015 02:45:00 AM,001XX S CALIFORNIA AVE,051A,ASSAULT,AGGRAVATED: HANDGUN,APARTMENT,TRUE,FALSE,1124,11,2,27,04A,1157744,1899368,2015,02-10-2018 15:50,41.87962157,-87.6962491,"(41.879621567, -87.696249102)"
11452192,JB335277,07-04-2018 17:25,0000X E 103RD ST,2014,NARCOTICS,MANU/DELIVER: HEROIN (WHITE),VEHICLE NON-COMMERCIAL,TRUE,FALSE,512,5,9,49,18,,,2018,04/13/2019 03:55:48 PM,,,
10233227,HY420409,09-12-2015 12:00,098XX S MARYLAND AVE,486,BATTERY,DOMESTIC BATTERY SIMPLE,RESIDENCE,FALSE,TRUE,511,5,8,50,08B,1183625,1840085,2015,02-10-2018 15:50,41.71637768,-87.60306816,"(41.716377684, -87.603068161)"
11649978,JC217323,04/27/2010 09:45:00 AM,009XX W 72ND ST,1153,DECEPTIVE PRACTICE,FINANCIAL IDENTITY THEFT OVER $ 300,,FALSE,FALSE,733,7,6,68,11,,,2010,04-10-2019 16:14,,,
10233248,HY421370,09-12-2015 21:00,048XX W WAVELAND AVE,810,THEFT,OVER $500,STREET,FALSE,FALSE,1634,16,38,15,6,1143369,1924162,2015,02-10-2018 15:50,41.94793963,-87.74841163,"(41.94793963, -87.748411625)"
11029638,JA361615,07/23/2017 07:30:00 AM,003XX E Randolph St,810,THEFT,OVER $500,STREET,FALSE,FALSE,114,1,42,32,6,,,2017,07/30/2017 03:51:44 PM,,,
10233262,HY420415,09-12-2015 12:00,004XX N PAULINA ST,810,THEFT,OVER $500,SIDEWALK,FALSE,FALSE,1215,12,26,24,6,1164985,1903214,2015,02-10-2018 15:50,41.89002472,-87.66955201,"(41.89002472, -87.669552009)"
11649676,JC217968,03-09-2018 07:00,050XX S DR MARTIN LUTHER KING JR DR,1154,DECEPTIVE PRACTICE,FINANCIAL IDENTITY THEFT $300 AND UNDER,APARTMENT,FALSE,FALSE,223,2,3,38,11,,,2018,04-10-2019 16:14,,,
11416849,JB171421,04/27/2018 12:00:00 AM,055XX S SACRAMENTO AVE,5000,OTHER OFFENSE,OTHER CRIME AGAINST PERSON,RESIDENCE,FALSE,FALSE,824,8,14,63,26,,,2018,04-10-2019 16:14,,,
10233302,HY421413,09-12-2015 21:00,011XX S RICHMOND ST,910,MOTOR VEHICLE THEFT,AUTOMOBILE,STREET,TRUE,FALSE,1135,11,28,29,7,1156864,1894979,2015,02-10-2018 15:50,41.86759559,-87.69959933,"(41.867595589, -87.69959933)"
11649990,JC217271,12/21/2008 11:10:00 AM,047XX S ST LAWRENCE AVE,1153,DECEPTIVE PRACTICE,FINANCIAL IDENTITY THEFT OVER $ 300,,FALSE,FALSE,223,2,4,38,11,,,2008,04-10-2019 16:14,,,
10233346,HY421508,09/13/2015 04:00:00 AM,041XX S PULASKI RD,1305,CRIMINAL DAMAGE,CRIMINAL DEFACEMENT,COMMERCIAL / BUSINESS OFFICE,FALSE,FALSE,815,8,14,57,14,1150364,1876850,2015,02-10-2018 15:50,41.81797649,-87.7239343,"(41.81797649, -87.7239343)"
10233394,HY421441,09-12-2015 18:00,018XX W FULLERTON AVE,1150,DECEPTIVE PRACTICE,CREDIT CARD FRAUD,SMALL RETAIL STORE,FALSE,FALSE,1931,19,32,7,11,1163768,1915979,2015,02-10-2018 15:50,41.92507853,-87.67366085,"(41.925078527, -87.673660848)"
11649947,JC217353,06-07-2018 16:50,047XX S INGLESIDE AVE,1150,DECEPTIVE PRACTICE,CREDIT CARD FRAUD,DEPARTMENT STORE,FALSE,FALSE,222,2,4,39,11,,,2018,04-10-2019 16:14,,,
11649970,JC218089,04/19/2018 03:41:00 AM,066XX S MARYLAND AVE,1153,DECEPTIVE PRACTICE,FINANCIAL IDENTITY THEFT OVER $ 300,,FALSE,FALSE,321,3,5,42,11,,,2018,04-10-2019 16:14,,,
11649626,JC217834,08/20/2018 12:00:00 AM,005XX W DEMING PL,1153,DECEPTIVE PRACTICE,FINANCIAL IDENTITY THEFT OVER $ 300,APARTMENT,FALSE,FALSE,1935,19,43,7,11,,,2018,04-10-2019 16:14,,,
10898113,JA197543,01-01-2013 08:00,022XX S KEDZIE AVE,1544,SEX OFFENSE,SEXUAL EXPLOITATION OF A CHILD,RESIDENCE,FALSE,FALSE,1024,10,24,30,17,,,2013,07/31/2017 03:53:25 PM,,,
11649307,JC217504,10-10-2017 09:00,039XX W WRIGHTWOOD AVE,1153,DECEPTIVE PRACTICE,FINANCIAL IDENTITY THEFT OVER $ 300,RESIDENCE,FALSE,FALSE,2524,25,31,22,11,,,2017,04-10-2019 16:14,,,
11649977,JC217266,12/20/2017 03:21:00 PM,023XX S MICHIGAN AVE,1153,DECEPTIVE PRACTICE,FINANCIAL IDENTITY THEFT OVER $ 300,,FALSE,FALSE,131,1,3,33,11,,,2017,04-10-2019 16:14,,,
11649752,JC218094,03/19/2016 03:03:00 PM,069XX N CLARK ST,1154,DECEPTIVE PRACTICE,FINANCIAL IDENTITY THEFT $300 AND UNDER,LIBRARY,FALSE,FALSE,2431,24,49,1,11,,,2016,04-10-2019 16:14,,,
11448693,JB348183,07/13/2018 03:05:00 PM,0000X W 119TH ST,2017,NARCOTICS,MANU/DELIVER:CRACK,SIDEWALK,TRUE,FALSE,522,5,9,53,18,,,2018,04/13/2019 03:55:48 PM,,,
6760140,HM197365,02/23/2006 07:06:20 PM,010XX W 105TH ST,2027,NARCOTICS,POSS: CRACK,STREET,TRUE,FALSE,2232,22,34,73,18,,,2006,08/17/2015 03:03:40 PM,,,
11473069,JB470526,04/30/2018 12:00:00 AM,067XX S INDIANA AVE,1754,OFFENSE INVOLVING CHILDREN,AGG SEX ASSLT OF CHILD FAM MBR,RESIDENCE,FALSE,TRUE,322,3,6,69,2,,,2018,04-10-2019 16:14,,,
11649965,JC217381,11-09-2010 03:30,045XX S CALUMET AVE,1153,DECEPTIVE PRACTICE,FINANCIAL IDENTITY THEFT OVER $ 300,,FALSE,FALSE,215,2,3,38,11,,,2010,04-10-2019 16:14,,,
11649625,JC217874,04/20/2018 12:00:00 AM,019XX W GRAND AVE,1154,DECEPTIVE PRACTICE,FINANCIAL IDENTITY THEFT $300 AND UNDER,RESIDENCE,FALSE,FALSE,1221,12,1,24,11,,,2018,04-10-2019 16:14,,,
11230720,JB152015,10-04-2017 08:00,010XX N ORLEANS ST,1130,DECEPTIVE PRACTICE,FRAUD OR CONFIDENCE GAME,RESIDENCE,FALSE,FALSE,1823,18,27,8,11,,,2017,02/16/2018 03:51:14 PM,,,
11230974,JB152462,08-06-2012 00:01,058XX S NORDICA AVE,265,CRIM SEXUAL ASSAULT,AGGRAVATED: OTHER,RESIDENCE,FALSE,FALSE,811,8,23,56,2,,,2012,02/16/2018 03:51:14 PM,,,
11231591,JB153303,12/30/2017 12:00:00 PM,008XX N MICHIGAN AVE,1150,DECEPTIVE PRACTICE,CREDIT CARD FRAUD,DEPARTMENT STORE,FALSE,FALSE,1833,18,42,8,11,,,2017,02/16/2018 03:53:11 PM,,,
11231298,JB152871,01-01-2011 10:00,080XX S VERNON AVE,1195,DECEPTIVE PRACTICE,FINAN EXPLOIT-ELDERLY/DISABLED,RESIDENCE,FALSE,FALSE,631,6,6,44,11,,,2011,02/16/2018 03:53:11 PM,,,
11231624,JB153317,09/16/2017 03:00:00 PM,075XX S WENTWORTH AVE,1153,DECEPTIVE PRACTICE,FINANCIAL IDENTITY THEFT OVER $ 300,RESIDENCE,FALSE,FALSE,623,6,17,69,11,,,2017,02/16/2018 03:53:11 PM,,,
11231792,JB152997,11/13/2017 05:33:00 PM,043XX N BROADWAY,890,THEFT,FROM BUILDING,OTHER,FALSE,FALSE,1915,19,46,3,6,,,2017,02/16/2018 03:53:11 PM,,,
11231452,JB153031,11/28/2017 04:51:00 PM,074XX N WINCHESTER AVE,890,THEFT,FROM BUILDING,STREET,FALSE,FALSE,2424,24,49,1,6,,,2017,02/16/2018 03:53:11 PM,,,
11226948,JB146664,02-09-2018 12:00,005XX N LAKE SHORE DR,1153,DECEPTIVE PRACTICE,FINANCIAL IDENTITY THEFT OVER $ 300,,FALSE,FALSE,1834,18,42,8,11,,,2018,02/16/2018 03:53:11 PM,,,
11643816,JC209931,04-03-2019 09:15,079XX S LANGLEY AVE,820,THEFT,$500 AND UNDER,RESIDENCE,FALSE,FALSE,624,6,6,44,6,,,2019,04-10-2019 16:14,,,
11231278,JB152803,11-01-2017 00:00,078XX S LANGLEY AVE,620,BURGLARY,UNLAWFUL ENTRY,RESIDENCE,FALSE,FALSE,624,6,6,69,5,,,2017,02/16/2018 03:53:11 PM,,,
11231332,JB152817,08/28/2017 08:00:00 AM,072XX S ASHLAND AVE,1210,DECEPTIVE PRACTICE,THEFT OF LABOR/SERVICES,RESIDENCE,FALSE,FALSE,734,7,17,67,11,,,2017,02/16/2018 03:53:11 PM,,,
11231293,JB152896,12/28/2017 12:01:00 AM,008XX W 76TH ST,4651,OTHER OFFENSE,SEX OFFENDER: FAIL REG NEW ADD,RESIDENCE,TRUE,FALSE,621,6,17,71,26,,,2017,02/27/2018 03:57:47 PM,,,
11175615,JA499969,11-05-2017 15:37,007XX W 87TH ST,2024,NARCOTICS,POSS: HEROIN(WHITE),VEHICLE NON-COMMERCIAL,TRUE,FALSE,2223,22,21,71,18,,,2017,02/17/2018 03:52:55 PM,,,
11231637,JB153407,05-01-2016 00:00,014XX N LATROBE AVE,2820,OTHER OFFENSE,TELEPHONE THREAT,RESIDENCE,FALSE,FALSE,2532,25,37,25,26,,,2016,02/22/2018 03:56:47 PM,,,
11231728,JB153143,12/22/2015 12:00:00 PM,033XX W 13TH ST,5000,OTHER OFFENSE,OTHER CRIME AGAINST PERSON,LIBRARY,FALSE,FALSE,1021,10,24,29,26,,,2015,02/16/2018 03:53:11 PM,,,
11232209,JB154094,10/19/2017 09:00:00 AM,062XX S ARTESIAN AVE,1156,DECEPTIVE PRACTICE,ATTEMPT - FINANCIAL IDENTITY THEFT,RESIDENCE,FALSE,FALSE,825,8,15,66,11,,,2017,02/16/2018 03:53:11 PM,,,
10233779,HY421911,09/13/2015 04:00:00 PM,121XX S ELIZABETH ST,530,ASSAULT,AGGRAVATED: OTHER DANG WEAPON,RESIDENCE,FALSE,FALSE,524,5,34,53,04A,1170194,1824230,2015,02-10-2018 15:50,41.6731711,-87.65271824,"(41.673171104, -87.65271824)"
11231374,JB152956,12/13/2017 07:30:00 PM,008XX W ARMITAGE AVE,1310,CRIMINAL DAMAGE,TO PROPERTY,DEPARTMENT STORE,FALSE,FALSE,1813,18,43,7,14,,,2017,02/16/2018 03:53:11 PM,,,
11452180,JB388672,08-11-2018 09:10,010XX N DRAKE AVE,2014,NARCOTICS,MANU/DELIVER: HEROIN (WHITE),VACANT LOT/LAND,TRUE,FALSE,1121,11,27,23,18,,,2018,04/13/2019 03:55:48 PM,,,
11231425,JB153065,12-12-2017 11:30,132XX S BALTIMORE AVE,1310,CRIMINAL DAMAGE,TO PROPERTY,APARTMENT,FALSE,FALSE,433,4,10,55,14,,,2017,02/16/2018 03:53:11 PM,,,
11231348,JB152918,05-05-2017 12:00,112XX S PEORIA ST,1153,DECEPTIVE PRACTICE,FINANCIAL IDENTITY THEFT OVER $ 300,RESIDENCE,FALSE,FALSE,2233,22,34,75,11,,,2017,02/16/2018 03:53:11 PM,,,
11231445,JB153118,01-01-2015 09:00,034XX N BROADWAY,1140,DECEPTIVE PRACTICE,EMBEZZLEMENT,RESTAURANT,FALSE,FALSE,1925,19,44,6,12,,,2015,02/16/2018 03:53:11 PM,,,
10233850,HY422218,09/13/2015 09:50:00 PM,097XX S COMMERCIAL AVE,820,THEFT,$500 AND UNDER,RESIDENCE,FALSE,TRUE,431,4,10,51,6,1197829,1840916,2015,02-10-2018 15:50,41.71831564,-87.55101901,"(41.718315644, -87.551019008)"
11189512,JA565504,12/15/2016 08:00:00 AM,035XX S MICHIGAN AVE,4650,OTHER OFFENSE,SEX OFFENDER: FAIL TO REGISTER,POLICE FACILITY/VEH PARKING LOT,FALSE,FALSE,213,2,3,35,26,,,2016,02/16/2018 03:53:11 PM,,,
11232162,JB154018,02-01-2016 09:00,004XX W 126TH ST,1153,DECEPTIVE PRACTICE,FINANCIAL IDENTITY THEFT OVER $ 300,RESIDENCE,FALSE,FALSE,523,5,9,53,11,,,2016,02/16/2018 03:53:11 PM,,,
11231340,JB152897,02-10-2017 00:01,029XX N ALBANY AVE,4651,OTHER OFFENSE,SEX OFFENDER: FAIL REG NEW ADD,RESIDENCE,FALSE,FALSE,1411,14,35,21,26,,,2017,02/16/2018 03:53:11 PM,,,
11232212,JB154097,06-07-2017 00:00,034XX N SOUTHPORT AVE,1153,DECEPTIVE PRACTICE,FINANCIAL IDENTITY THEFT OVER $ 300,RESIDENCE,FALSE,FALSE,1922,19,44,6,11,,,2017,02/16/2018 03:53:11 PM,,,
11448720,JB387332,08-10-2018 10:16,080XX S DREXEL AVE,2017,NARCOTICS,MANU/DELIVER:CRACK,ALLEY,TRUE,FALSE,631,6,8,44,18,,,2018,04/13/2019 03:55:48 PM,,,
11650067,JC218386,07/28/2013 12:00:00 PM,003XX S MICHIGAN AVE,1153,DECEPTIVE PRACTICE,FINANCIAL IDENTITY THEFT OVER $ 300,RESIDENCE,FALSE,FALSE,113,1,42,32,11,,,2013,04-10-2019 16:14,,,
10233910,HY422231,09/13/2015 10:00:00 PM,035XX W WABANSIA AVE,496,BATTERY,AGGRAVATED DOMESTIC BATTERY: KNIFE/CUTTING INST,APARTMENT,TRUE,TRUE,1422,14,26,23,04B,1152318,1911063,2015,02-10-2018 15:50,41.9118226,-87.71586364,"(41.9118226, -87.715863635)"
11228746,JB149324,12/16/2016 12:00:00 AM,009XX N LECLAIRE AVE,4651,OTHER OFFENSE,SEX OFFENDER: FAIL REG NEW ADD,APARTMENT,FALSE,FALSE,1531,15,37,25,26,,,2016,02/16/2018 03:53:11 PM,,,
11231378,JB152963,04-10-2017 00:00,052XX W CONGRESS PKWY,4651,OTHER OFFENSE,SEX OFFENDER: FAIL REG NEW ADD,APARTMENT,TRUE,FALSE,1522,15,29,25,26,,,2017,05-09-2018 15:48,,,
10233960,HY422307,09/13/2015 10:53:00 PM,069XX S WOLCOTT AVE,1811,NARCOTICS,POSS: CANNABIS 30GMS OR LESS,SIDEWALK,TRUE,FALSE,735,7,17,67,18,1164888,1858554,2015,02-10-2018 15:50,41.76747498,-87.67117239,"(41.767474984, -87.671172386)"
11231692,JB153477,09/18/2017 09:00:00 AM,071XX S SPAULDING AVE,1153,DECEPTIVE PRACTICE,FINANCIAL IDENTITY THEFT OVER $ 300,RESIDENCE,FALSE,FALSE,831,8,18,66,11,,,2017,02/16/2018 03:53:11 PM,,,
11231897,JB153081,11-02-2017 18:00,078XX S COTTAGE GROVE AVE,820,THEFT,$500 AND UNDER,VEHICLE NON-COMMERCIAL,FALSE,FALSE,624,6,6,69,6,,,2017,02/16/2018 03:53:11 PM,,,
10234057,HY422437,09/14/2015 05:40:00 AM,039XX W LAWRENCE AVE,460,BATTERY,SIMPLE,SIDEWALK,TRUE,FALSE,1712,17,39,14,08B,1149377,1931608,2015,02-10-2018 15:50,41.96825737,-87.72613345,"(41.968257372, -87.726133447)"
11231389,JB152966,06/13/2017 12:00:00 AM,051XX S MICHIGAN AVE,4651,OTHER OFFENSE,SEX OFFENDER: FAIL REG NEW ADD,APARTMENT,FALSE,FALSE,225,2,3,40,26,,,2017,02/16/2018 03:53:11 PM,,,
7153921,HR562323,09/29/2009 12:00:00 PM,013XX N CLARK ST,810,THEFT,OVER $500,STREET,FALSE,FALSE,1824,18,42,8,6,,,2009,08/17/2015 03:03:40 PM,,,
